lambda_0,mean_lambda,mean_t_c,direct_t_c
0.4925212677231025,0.3638480015981498,0.1884965087642399,0.29781861415371663
0.3810525437864887,0.3155251624986031,0.1520127949906757,0.1643874623386408
0.1089691409507923,0.1987128288506282,0.0596880673399069,0.0002344824376313735
0.2293411175979983,0.272910788318315,0.1150860759321927,0.028968768610016397
0.0936555462885738,0.1945124779207014,0.0617077509460376,5.229320603410078e-05
0.4718657214345287,0.381102098008521,0.1987043950907826,0.2724474578828686
0.1880300250208507,0.1951741827328618,0.0621195259867626,0.011114336545470168
0.4198707256046705,0.3760002610988813,0.1956208818574599,0.2095293109658751
0.2193694745621351,0.2416585138529518,0.09529617786036,0.02376029818991628
0.3774912427022519,0.3528173194971476,0.1711440595818864,0.16036747736754509
0.3650266889074228,0.3376872445309069,0.1662450400692114,0.14649772042334785
0.0886697247706422,0.1895859390772889,0.0632191868821276,2.8688150602939737e-05
0.0904503753127606,0.1970330005798525,0.0690730317809885,3.581993641982725e-05
0.3753544620517097,0.3199260971002315,0.1467169162309,0.15796720654055962
0.1584712260216847,0.2089716609362402,0.072435338780977,0.004121600619831969
0.1335421184320266,0.198118628860226,0.0647999893440616,0.0012690406474322878
0.259256046705588,0.287236326188482,0.1319173227021174,0.04791098291213712
0.3454395329441201,0.3225265192003352,0.1534568377543493,0.1254205873649831
0.3714370308590492,0.318493768859669,0.1495862023005276,0.15359040644758248
0.2236430358632193,0.2775773253161827,0.1223266953116414,0.025922831590611737
0.2083294412010008,0.2681606136611881,0.1136699350359523,0.01866118583086801
0.289883236030025,0.2688393130875849,0.1125340523503978,0.07201472438346877
0.313743953294412,0.2874588905980798,0.1309604308466642,0.0936180302793543
0.1955087572977481,0.2297950376490901,0.086448332313484,0.013621848649201448
0.1118181818181818,0.1827407878504551,0.0585084337516526,0.00029624928161979216
0.1716480400333611,0.2466051389488099,0.1000312900778353,0.006690312376753452
0.3141000834028357,0.29608748998974,0.1377201371210048,0.0939569600682445
0.2759941618015012,0.2839875235052702,0.1215766419616984,0.06053794574473516
0.2004945788156797,0.2430072024311141,0.0988448910076938,0.015469485234418764
0.2859658048373644,0.3028139419424278,0.1374661184739995,0.06869069996971543
0.2118907422852377,0.2187101083845012,0.0766135414300502,0.020229097923554568
0.3910241868223519,0.3293048052447513,0.1534495109864388,0.17576549949467976
0.319442035029191,0.3187387317893243,0.151179903096387,0.09909480569421503
0.33190658882402,0.302549702654845,0.1306859108155827,0.11145707317444668
0.2019190992493744,0.2322243596437787,0.0875989583749455,0.016023508226926084
0.2852535446205171,0.256554046143339,0.1053610970738059,0.06809353157628208
0.2250675562969141,0.2625654121265343,0.1106771087131413,0.026666951295606808
0.097929107589658,0.2024941753136968,0.0683310330473518,8.333112844906526e-05
0.1873177648040033,0.2289880905021315,0.0833278438709269,0.010891835414085425
0.3051968306922435,0.2859718544956501,0.128576899759627,0.08562364059869734
0.452278565471226,0.3874128960314532,0.2005548247137606,0.24853412230537258
0.1111059216013344,0.1819237942459618,0.0569266602454769,0.0002797427212846867
0.4675921601334445,0.3738012859777027,0.1886047249393328,0.26721497699064034
0.1994261884904086,0.2270565675402355,0.0808105049059849,0.015061605981069107
0.4113236030025021,0.3511752073277628,0.1749140102823082,0.19941092465693444
0.1947964970809007,0.2441752997549904,0.0965078661836763,0.013369458389258035
0.199070058381985,0.2211287777271459,0.0851283631367812,0.014927098834227645
0.0811909924937447,0.1666639663017715,0.0443174725986676,1.0151824828790631e-05
0.0883135946622185,0.1873143840851422,0.0588442578344387,2.741268135090279e-05
0.1595396163469558,0.2423162776085081,0.0952535859935602,0.0042995045146536
0.3354678899082569,0.2902942230141538,0.1212686173162197,0.11507961500645471
0.4772076730608841,0.3381886209071882,0.1710401564974638,0.2789974494726513
0.2036997497914929,0.2546543439086582,0.1045235115005075,0.016732437859116864
0.1310492076730608,0.2308034485776339,0.0878615630405039,0.0011005543078696054
0.4700850708924103,0.3515255014795367,0.1763984623973929,0.27026638936275066
0.1912351959966639,0.2284285232305178,0.0883661934936663,0.012150526203021282
0.4248565471226022,0.3539263528558098,0.175551549386456,0.21546921034390348
0.4903844870725604,0.3585835323363667,0.1786376346410828,0.2951892680959661
0.4294862385321101,0.3547250475803804,0.1809995986953453,0.22100728882374307
0.2072610508757297,0.2295363748279286,0.0791844191970153,0.018205108034330588
0.183044203502919,0.2453186176605667,0.0942513923106782,0.009615478723604062
0.1282001668056714,0.2017642896924918,0.071876158395788,0.0009288886160491482
0.1477873227689741,0.1926079099612698,0.0667134961345882,0.002611840575149735
0.103627189324437,0.2227630502980332,0.0824719637955209,0.00014610326088720035
0.1328298582151793,0.2080144479114238,0.0766852258590117,0.0012190935596150148
0.4269933277731443,0.3734602416168345,0.1922744024930521,0.21802266349666413
0.091162635529608,0.1993250182704968,0.0727053800820487,3.9051616838185594e-05
0.2289849874895746,0.2616030929213364,0.1111656885271849,0.02877298422092464
0.2685154295246038,0.2696035320899332,0.113134226558637,0.05472686080932872
0.2475037531276063,0.2407877469576312,0.0931326425554007,0.039892671969732764
0.2243552960800667,0.2663066655934416,0.1152498751551785,0.026293440243510165
0.1210775646371976,0.2235930113188536,0.0841419992140694,0.0005870572023680023
0.4971509591326105,0.3840067122363091,0.1967885068049425,0.30351810010201663
0.092231025854879,0.1968856737023865,0.0651839927337838,4.4342883225928995e-05
0.1007781484570475,0.1692816188580305,0.0474693412794635,0.0001112193858586107
0.2261359466221851,0.2537907973833778,0.1042667825495541,0.02723265246603035
0.1385279399499583,0.2351333002656477,0.0864128152980604,0.001661590159337672
0.0929432860717264,0.203422232460072,0.0693928890264964,4.818468554488797e-05
0.4084745621351126,0.3586787676624519,0.1727724589096225,0.19605774439515464
0.3757105921601334,0.3516667721287788,0.1754231512738895,0.15836662845637092
0.4871793160967473,0.3821718783062395,0.2076290756965877,0.2912468977338774
0.1506363636363636,0.234886960023497,0.0929779291310816,0.002968426753682449
0.3735738115095913,0.3112352768244245,0.1457507642651488,0.15597389317723778
0.1132427022518765,0.1879646092023559,0.0603636024296121,0.00033152379475658326
0.2681592994161801,0.296149515762569,0.1281261533422266,0.054456854712021094
0.4355404503753127,0.3384832355829361,0.1630343799189895,0.22827928626185948
0.4547714762301918,0.3628361611472568,0.1824382531948267,0.25156676834762637
0.1349666388657214,0.201422046384634,0.0671928551090447,0.0013734104751844725
0.4369649708090075,0.3580612507361199,0.1781866956241916,0.22999493202316953
0.2920200166805671,0.2949560492837763,0.1293737341141857,0.0738556586818706
0.2556947456213511,0.2647869391077358,0.1069288314368935,0.045404991610856385
0.2371759799833194,0.2577432063055083,0.1077797022068928,0.03345686028961411
0.1748532110091743,0.2383720179156857,0.0967083698038754,0.0074443292732988674
0.2086855713094245,0.2348760668790627,0.0875251755914678,0.018814677512310446
0.4316230191826522,0.3548798826755843,0.1793741067199906,0.22357015670789032
0.3116071726438699,0.3055734167104681,0.138695146503666,0.0915940828153873
0.2631734778982485,0.2666930862739466,0.1128585068667432,0.050742327624529036
0.3967222685571309,0.3196080322832904,0.1520443208858626,0.1823418535280368
0.1769899916597164,0.2184689635710045,0.0759290749285034,0.00797648970163391
0.1168040033361134,0.1896560688092881,0.0610417666914364,0.00043395476648773473
0.2802677231025854,0.3017243300521198,0.1330556634951822,0.06397666587839722
0.122858215179316,0.1809874267050293,0.0491065282990384,0.0006617096452057849
0.3347556296914095,0.322556884351739,0.1493419460615373,0.11435203335493208
0.1018465387823185,0.190425187328945,0.0617674353908354,0.00012342043418471033
0.3867506255212677,0.3504238059473241,0.1731143345478982,0.1708679887802946
0.3361801501251042,0.3048500492516089,0.1338866544548141,0.11580871354954911
0.4650992493744787,0.3766942900182408,0.1927885388211938,0.26416615090136636
0.3963661384487073,0.3543009039891976,0.1796536292606208,0.1819293430289548
0.4882477064220183,0.3813962527858556,0.2010467023936732,0.2925607870290273
0.4063377814845704,0.3271734270298229,0.1613332584195239,0.19354973461091868
0.2051242702251876,0.253848390974023,0.1030754330071825,0.017312727106583152
0.3895996663886572,0.3168132758122724,0.15096343755848,0.17412958504851025
0.128556296914095,0.2241634910298388,0.0850954835021009,0.0009491790387573038
0.4259249374478732,0.3599289307662374,0.1850734073120224,0.21674537237804073
0.2941567973311092,0.3029240207434211,0.1352775225414736,0.07571588168044917
0.4423069224353628,0.3466873384497561,0.1666781652358598,0.2364430036664649
0.1598957464553794,0.2041173739144527,0.0747228665700968,0.004359948999026073
0.1292685571309424,0.1678991154796802,0.0414123548944744,0.000990745278976125
0.3383169307756464,0.3404499684807233,0.1620057447647102,0.1180050122702004
0.1413769808173477,0.2124038349097471,0.0725111780363772,0.0019217728898251745
0.2628173477898248,0.2538267885544795,0.1052527311223265,0.05048173306533057
0.3945854879065888,0.3472409936211871,0.1748308303696286,0.17986972104658216
0.4301984987489574,0.3446057945925337,0.1721737047006647,0.22186111314602291
0.4537030859049207,0.3885978896949597,0.2033287064805027,0.25026661789604704
0.2200817347789824,0.2867126324037615,0.1207340305614991,0.02411343084249586
0.4953703085904921,0.3953500355874883,0.2127538763444701,0.3013256093435556
0.1894545454545454,0.2773195157028885,0.1174780025186173,0.011567789617459419
0.1185846538782318,0.2176031928063869,0.0755088649262354,0.000493486913890628
0.3201542952460383,0.328141308965079,0.1610812345955049,0.099787356076585
0.2973619683069224,0.2870097297351714,0.1289186949352491,0.07854177017418185
0.1705796497080901,0.2331653004980473,0.0838938174625688,0.006450588745247494
0.4814812343619683,0.3805227081652952,0.1962538894849517,0.28424396337030877
0.1826880733944954,0.2205029254748119,0.0828887156311772,0.009513618904897485
0.1559783152627189,0.2114390055212464,0.0708694942588279,0.0037261958321678115
0.4458682235195996,0.3807315344192631,0.2026709543271897,0.24075355513336144
0.2945129274395329,0.2848157189712412,0.1262347363875274,0.0760277745007987
0.3019916597164303,0.306017898515993,0.1382771337304073,0.08269719568963058
0.2432301918265221,0.2681140315548515,0.1186391892550883,0.037158914840040976
0.2407372810675562,0.2680417301758388,0.1117594250623381,0.03561010941036412
0.4024203502919099,0.3725650919525843,0.1956809461019382,0.18896768597378405
0.463674728940784,0.3855267515942189,0.2051641737221894,0.2624251932922905
0.2959374478732277,0.2994725943059627,0.1313620853503593,0.07728060008053267
0.2133152627189324,0.2288449666332103,0.0841662934517335,0.02087679648343215
0.2994987489574645,0.2695490183634788,0.1130221124747088,0.08044898916252932
0.3461517931609674,0.3587101443680462,0.1833778479508422,0.12616990009189583
0.2624612176814012,0.2597773070448548,0.1065994346116173,0.050221775079162256
0.3283452877397831,0.3229332550755797,0.1546006357369447,0.10787369244284245
0.3101826522101751,0.27871217298947,0.1222720108684177,0.090254052180014
0.2856096747289408,0.2827120232830423,0.1221035698584997,0.06839183630306442
0.2442985821517931,0.285638501681793,0.1202994832745221,0.037833077530976415
0.4654553794829024,0.3683246647984821,0.191665417895717,0.26460153252048835
0.1848248540450375,0.2375039085493619,0.0966972439109846,0.010135130726635104
0.3322627189324437,0.291750017143458,0.1317619770092186,0.11181758563426708
0.1474311926605504,0.2233005844666841,0.0839673056164935,0.002569497306373978
0.4052693911592994,0.357780733515638,0.1792846101399345,0.19229800447712686
0.2272043369474561,0.2431639305955904,0.0945760062946951,0.027804864402927072
0.1898106755629691,0.2408284262622222,0.0925881750554987,0.011682918866914813
0.1655938281901584,0.2525940067876433,0.100385778770635,0.005406830226704311
0.470441201000834,0.3810261386841752,0.1986518084191457,0.270702506484696
0.181975813177648,0.2266354278732173,0.0810897812972487,0.009311960390029269
0.4526346955796497,0.376098437311914,0.1995678958763644,0.24896713320216096
0.4031326105087573,0.3708779309997214,0.1895696107379179,0.18979920972064
0.4376772310258549,0.359204985910702,0.1806330575290369,0.2308533786241705
0.1691551292743953,0.2056690065339587,0.0695629387374393,0.006139861480974675
0.176277731442869,0.2434890447464517,0.0924170666190979,0.007796454907269721
0.3621776480400334,0.3373680525982493,0.1646636544630477,0.14337442558314234
0.1071884904086739,0.1900195505161772,0.0635469205422149,0.00020132707753093057
0.3888874061718098,0.3628978426548673,0.1859636909618233,0.1733128954166465
0.3643144286905754,0.3393646197046902,0.1647600428897582,0.1457151795451688
0.0840400333611342,0.225431782054688,0.0857653593722705,1.541282185800101e-05
0.344371142618849,0.3207538268018279,0.148956439164318,0.1242992112165972
0.4123919933277731,0.3534696354225818,0.1745277257556509,0.20067099008912423
0.1866055045871559,0.2581437726482359,0.1071131173835679,0.010672140959378256
0.1791267723102585,0.2270943611832372,0.084363781988041,0.008532624607616508
0.1438698915763135,0.2313791708755272,0.0910646569300505,0.002172352716695828
0.2724328607172643,0.2570320633869873,0.094879730750485,0.0577374649692624
0.1363911592994161,0.2242244964149458,0.0783352920348535,0.001483912097481344
0.4757831526271893,0.3793262993258129,0.194954054257678,0.2772498454883035
0.1043394495412844,0.1940398079430836,0.0623223805291072,0.00015605179927379324
0.3532743953294412,0.2998276235916458,0.1398997986344109,0.13373692311457797
0.3308381984987489,0.3105416981796438,0.1448876193877919,0.11037789037876729
0.3671634695579649,0.29348030974277,0.1243060169774496,0.1488520892595717
0.1470750625521267,0.2361021383149308,0.0915881737492588,0.0025276404235709095
0.4430191826522102,0.3587705727171729,0.1811431442188527,0.23730438571385715
0.1784145120934111,0.2513644797116394,0.0967877728220071,0.008344563011600045
0.4280617180984153,0.3570278738259408,0.1783031362144148,0.21930106379381845
0.2499966638865721,0.2573334105295916,0.1041704201239046,0.04153274036363062
0.3700125104253544,0.3364535550857002,0.161111573492711,0.1520066653827744
0.2257798165137614,0.2450322705913396,0.0899197240476561,0.02704336138088304
0.2532018348623853,0.2742454177963283,0.1198632432190313,0.04368990034307671
0.3685879899916597,0.3429127206581481,0.1656609813125044,0.1504272035234791
0.3197981651376146,0.2985810866703821,0.1339746730803029,0.09944086359638217
0.0765613010842368,0.2024520818160888,0.0716071645166083,4.82042288976052e-06
0.3746422018348624,0.3305238831470498,0.1630122100217911,0.1571691188374307
0.2375321100917431,0.2620090001276979,0.11262445590965,0.03366902553769059
0.1435137614678899,0.209004469532566,0.0745131523644141,0.002135204707720347
0.0940116763969974,0.1971171114186639,0.0662257421940159,5.445170278166846e-05
0.3956538782318599,0.3370432007585562,0.1608874293977671,0.18110490537982515
0.4277055879899916,0.3611468687300971,0.177111372128822,0.21887480834116912
0.1709357798165137,0.2233977372783141,0.0865221553935393,0.00652985762650013
0.3607531276063386,0.2999095806178916,0.1324105792837162,0.14181973499302047
0.3960100083402835,0.3523696408912616,0.1743014039207792,0.18151702667429273
0.3069774812343619,0.313274805392626,0.1439747962244118,0.087266572259058
0.4134603836530442,0.3576435871727807,0.1807611058588661,0.20193245146306876
0.3881751459549624,0.3496611064981638,0.1751935476941617,0.17249706103411216
0.151348623853211,0.2058745445672143,0.0680856239518825,0.0030626283731123504
0.3536305254378649,0.3444832222293572,0.1680844076742255,0.13411870696829295
0.326208507089241,0.3129494755474971,0.1425083007256669,0.1057429810546804
0.3269207673060884,0.3530840051955319,0.1675223050117778,0.1064515849722923
0.4690166805671393,0.3568975884668651,0.1805104108020728,0.2689583356183225
0.4967948290241868,0.3555886324115353,0.1732587438664886,0.30307956684369725
0.3539866555462885,0.3311490628579909,0.1599313201981713,0.1345008092450787
0.2207939949958298,0.2514454794568203,0.0993186900160462,0.02446948266564281
0.3928048373644704,0.3198765301962543,0.152456066585181,0.17781506777117004
0.4056255212677231,0.3290556214653267,0.1519231087220683,0.1927150770730219
0.1673744787322769,0.2095333443865801,0.0741872173168346,0.005765598102956546
0.2977180984153461,0.251175743635493,0.1039495274364581,0.0788583567748402
0.1609641367806505,0.2357549938519055,0.0903693939262435,0.0045447441264531
0.3158807339449541,0.3126661885602462,0.146426775415196,0.09565841086492957
0.271720600500417,0.2816887669964012,0.1257651757349586,0.057184590329582605
0.4775638031693077,0.3777090540364455,0.1997086082560714,0.27943445102956355
0.4173778148457047,0.3508790252931444,0.1760439781439889,0.20656939820047573
0.4305546288573811,0.3587289841403429,0.1769096870825646,0.22228820074251116
0.4234320266889074,0.3417666979476118,0.1700752432609465,0.21376945204138662
0.1777022518765638,0.225455837456983,0.07861130608491,0.008159188510485834
0.2578315262718932,0.272979650515874,0.1155790203746436,0.0469007548129829
0.3472201834862385,0.3271356973017578,0.1583710412114716,0.127296438378325
0.1025587989991659,0.2048467916105528,0.0632087533839944,0.00013213002847380694
0.1552660550458715,0.19209038489247,0.0647915686170972,0.003618203498051186
0.2938006672226855,0.2788599606748704,0.1190904649187988,0.07540451688609236
0.1915913261050875,0.2236197552619612,0.0767929573386561,0.012269204822110502
0.1189407839866555,0.20488516615641,0.0711839352382461,0.00050610575271819
0.4330475396163469,0.3765717205115677,0.1977778897408151,0.22528102228474323
0.302347789824854,0.3050843043386519,0.1394466384576117,0.08302037604894814
0.4195145954962468,0.3413149776917395,0.1664901980389258,0.20910604502120098
0.2090417014178481,0.2395325470065887,0.0929503141425138,0.018968902246599802
0.3817648040033361,0.3570492470553973,0.1754801580239649,0.1651943162730636
0.266022518765638,0.2802084817014504,0.1246082236613719,0.052849864868360186
0.4978632193494579,0.3912864685132082,0.2046469621215156,0.30439521672019026
0.3842577147623019,0.3333217981189558,0.1608715908950861,0.16802560448022497
0.1908790658882402,0.244483503775098,0.0923677880691706,0.012032559122003147
0.2186572143452877,0.2356763548903961,0.0895009196643863,0.02341008691174435
0.1000658882402001,0.1680393352155957,0.0431079899755195,0.00010363500758049592
0.3821209341117598,0.3217270617162202,0.1537267138140841,0.1655980938207495
0.1221459549624687,0.2316490039794187,0.0870015839983295,0.0006310365811945828
0.2663786488740617,0.2696447041241377,0.1160998904852068,0.053116137493454604
0.3126755629691409,0.3136237840929695,0.1492658712775076,0.092603984934425
0.4006396997497914,0.3464035186190382,0.1748324901493368,0.18689202272694486
0.0954361968306922,0.1812699694841085,0.0584436582972527,6.38212408041704e-05
0.1232143452877397,0.2004950464610125,0.0691455836522547,0.0006774614109769623
0.3279891576313594,0.3158960016686629,0.147901750105361,0.10751755627049103
0.2069049207673061,0.2341637242453998,0.089843048808676,0.018054547426956846
0.2022752293577981,0.2859052616867739,0.1249040055575511,0.016163835140852664
0.1225020850708924,0.2110593416477497,0.0767632939502225,0.0006462357249207792
0.3878190158465388,0.3348685146368836,0.1610260134414168,0.17208946696086674
0.4437314428690575,0.3744147826414103,0.1964755002250727,0.23816613698187633
0.1527731442869057,0.2229001952010786,0.0840572570466955,0.0032572469834883607
0.2560508757297748,0.2856984088578512,0.1293512573066271,0.0456526459463345
0.1677306088407005,0.2040635408445371,0.0685788141417746,0.005839203392865462
0.4893160967472894,0.391274821395372,0.2065072951790979,0.2938749140984361
0.2460792326939115,0.2791405912278938,0.1201173233998641,0.038970448659517556
0.1983577981651376,0.2418578557947466,0.0936028572616834,0.014660260695103948
0.4309107589658048,0.3326505992687935,0.1573288067293853,0.2227154043427915
0.2927322768974145,0.2632942340397004,0.1127617359607354,0.074473603627085
0.3105387823185988,0.3212218231836294,0.1514666929715921,0.0905883589254978
0.3486447039199333,0.32451058178781,0.1508967205843001,0.12880323559846757
0.2699399499582985,0.2765141848596152,0.1155735447647166,0.05581305488273446
0.2777748123436196,0.2861416023123947,0.1278703962325266,0.06196049389563035
0.3985029190992494,0.3286266389625299,0.1570246683000754,0.18440728628364034
0.2386005004170142,0.2815356704824191,0.120982017652791,0.03430974321688107
0.283116763969975,0.3076150378459094,0.1447163977590851,0.06631551228607817
0.3450834028356964,0.3249354431079264,0.1473284732431372,0.1250464484002028
0.2987864887406171,0.3155776488042005,0.1512197620137167,0.0798112015394147
0.3710809007506255,0.3219264818253325,0.1506824374981804,0.15319407372726115
0.1759216013344453,0.2289486824959015,0.0866453674921482,0.00770743279089831
0.0868890742285237,0.1719316887323055,0.0444337105113461,2.27681775758292e-05
0.0836839032527105,0.1794870244370488,0.0500785526963786,1.465177203692311e-05
0.1591834862385321,0.2230442692979972,0.0804536620344377,0.004239633166576597
0.2254236864053377,0.285958776639198,0.1237677792528925,0.026854794175641013
0.1214336947456213,0.178222433557326,0.0555502935482944,0.0006014503746118952
0.464743119266055,0.3532345004178797,0.1800590635391269,0.26373082564748385
0.380696413678065,0.3259705920116812,0.1544305664481095,0.16398438795421863
0.074068390325271,0.1764848617054496,0.0546256917274356,3.1057486380349768e-06
0.3693002502085071,0.3462256083299115,0.1674423450506929,0.15121639528969258
0.2873903252710592,0.3202860898724208,0.1497828678996901,0.06989171848378743
0.440882402001668,0.3735877879531195,0.194210765829447,0.23472136785140515
0.3059090909090909,0.3206817658419291,0.1507322168224385,0.08627935940375211
0.3732176814011676,0.3414123977470988,0.168113381216867,0.1555759970290978
0.3518498748957464,0.328641290450109,0.1574478993009868,0.13221299497700797
0.4551276063386155,0.3802263290382028,0.1981504200500237,0.252000297074316
0.2304095079232693,0.2282143498967547,0.0821568124510385,0.029560433006046532
0.4921651376146789,0.3731412500344452,0.1887331519399958,0.2973803333380275
0.2279165971643035,0.2518725991758558,0.1030680143842269,0.02818994983021782
0.4889599666388657,0.4030812505639109,0.21677721104189,0.29343684599482667
0.1086130108423686,0.2066446858787511,0.0682862681025907,0.00022753193763939888
0.3479324437030859,0.3291171905635657,0.1579163549381729,0.12804916289565538
0.2489282735613011,0.2723973954919914,0.1132632741505581,0.04082578917731126
0.4387456213511259,0.3633464999002623,0.1855668906665327,0.23214181300041825
0.3600408673894912,0.3307890142817421,0.1620112168847543,0.14104415991753402
0.4793444537114262,0.3738598604960562,0.1979901037907573,0.28162003938344055
0.373929941618015,0.3173956099140531,0.1481218710275735,0.15637204622377826
0.4241442869057548,0.3405733215222167,0.1680266874782857,0.2146190728304456
0.1538415346121768,0.218732839710033,0.0754588679748493,0.0034087315774638006
0.4975070892410342,0.3693864264250692,0.1935513178570972,0.3039566501818936
0.3119633027522935,0.320571401409212,0.1515946737204115,0.09193025433679307
0.3785596330275229,0.3204767184772384,0.1472054431070907,0.16157094119784252
0.4020642201834862,0.3310152305294326,0.1526200954482348,0.18855219200537437
0.0965045871559633,0.1966058966896451,0.0679939193577814,7.16711982337156e-05
0.0968607172643869,0.2022704002796855,0.0649147374676614,7.445447926692182e-05
0.3636021684737281,0.3315973904282023,0.1593847960838281,0.1449337775885936
0.1481434528773978,0.2328058264219369,0.0881387175513742,0.0026546730022148192
0.0772735613010842,0.1815711000904227,0.0638099846077068,5.437143897488493e-06
0.2485721434528773,0.2226872359935196,0.0788389379483795,0.040591491810429835
0.487535446205171,0.3854226572462916,0.1980871458896064,0.29168483373835397
0.1794829024186822,0.2080137998113314,0.0767388205464386,0.00862766655395767
0.2190133444537114,0.2610339432392059,0.1015945956529824,0.023584827248094214
0.3422343619683069,0.298926255836081,0.1364440051654281,0.12206591160940855
0.4554837364470392,0.3701272298311635,0.1908131246233378,0.2524338974634912
0.320510425354462,0.2951275757411986,0.1270120366308702,0.1001342818539155
0.4825496246872393,0.393545277663313,0.2085292676559603,0.2855563957417244
0.3304820683903253,0.31380655292792,0.1529201690089088,0.11001895179578118
0.4344720600500417,0.3348183186260213,0.1605558326763051,0.22699366489200992
0.2606805671392827,0.3069414168594854,0.138309830329386,0.04893157289116003
0.2863219349457881,0.2982190852867245,0.1328657593956062,0.06899012129957101
0.4715095913261051,0.3971859836956728,0.2070669072411579,0.2720111485747443
0.2745696413678065,0.310836510490836,0.1424204879743586,0.05941057082666095
0.3329749791492911,0.2877437531201728,0.1287891957864235,0.1125397803814653
0.1702235195996663,0.2331281906740905,0.0909367544656427,0.006371956494302723
0.4170216847372811,0.3490114063641868,0.1697635913116427,0.20614712252760337
0.1574028356964136,0.2343387650347094,0.0906125137753108,0.003948792056490747
0.217232693911593,0.2396004021006968,0.0990557832471641,0.02271843641738656
0.0737122602168473,0.1857659965004475,0.0577442007711892,2.9096315109334665e-06
0.0751367806505421,0.163435520130854,0.0396820200735806,3.7630496885885656e-06
0.1837564637197664,0.2382166320938346,0.0910142748032963,0.00982126545901591
0.4611818181818182,0.3602822956837855,0.1837278852386655,0.25938078865495184
0.2336146788990825,0.24561358221932,0.0908823411950846,0.031374092780577185
0.3297698081734779,0.2900346260384542,0.125468313802385,0.10930226564416208
0.1495679733110925,0.1972411436167971,0.0658231325106,0.0028309493187863998
0.4594011676396997,0.352569485187195,0.1796747886108506,0.257208069151133
0.0826155129274395,0.1887765722771587,0.0668796378209438,1.2553838105096527e-05
0.4850425354462052,0.3623355507381405,0.1878207580025645,0.288619876533111
0.2015629691409508,0.245147099698728,0.0955629875595275,0.015883910147194206
0.3657389491242702,0.310660131703705,0.1472484199055156,0.1472813914751555
0.3507814845704754,0.3080189757800751,0.1425527478786898,0.1310734488896621
0.296649708090075,0.3236595794447964,0.1556346521212741,0.07791014726394985
0.2343269391159299,0.2429177381783455,0.0960370403241711,0.031784973648881686
0.3358240200166805,0.3131035966027185,0.1454543100851569,0.11544397528189414
0.2635296080066722,0.2478980541782811,0.0940199665593106,0.051003557630848115
0.446580483736447,0.3730307125137825,0.1981581648485687,0.24161673246945026
0.2147397831526272,0.2513368403195734,0.0958970605244012,0.021536226136973795
0.1641693077564637,0.2261812013747525,0.0838585775047404,0.005130806484589723
0.1766338615512927,0.2444052891369745,0.0965022244788332,0.007886140043259153
0.0819032527105921,0.2168900115790914,0.0757967195325537,1.1299555585246788e-05
0.1926597164303586,0.2519351255952278,0.1028875490077376,0.01262951782895904
0.2809799833194328,0.275104350076965,0.1209245403762034,0.06455793508620902
0.0897381150959132,0.173730235187148,0.049501390739489,3.2810669950641295e-05
0.1862493744787322,0.2225949591418939,0.0807380109736652,0.010563343738718914
0.1107497914929107,0.1987195293442705,0.0647122093830205,0.0002717624465034693
0.3571918265221017,0.2931667690893548,0.1329307220064057,0.13795386972815796
0.0925871559633027,0.1968480420700976,0.0665538439838376,4.623127571177457e-05
0.2588999165971642,0.2878078363662752,0.1270685617217077,0.04765745175113068
0.1488557130942452,0.2223216224751859,0.0783896370301964,0.0027418163606579915
0.1157356130108423,0.1910796550809301,0.0607693726107511,0.00040097853539919744
0.3995713094245204,0.3464184940345323,0.1681939948905738,0.18564881751532059
0.4529908256880733,0.3739937280441586,0.1901191291355626,0.2494002198233237
0.4707973311092577,0.4016994802507614,0.2108400944140415,0.2711386723875846
0.0986413678065054,0.1904371613044232,0.0588970429932216,8.970766108076424e-05
0.410255212677231,0.3446974330997686,0.1696659255051203,0.19815227739983646
0.33867306088407,0.3257216175454679,0.1589103885906045,0.11837236215230232
0.3276330275229357,0.2996881890416541,0.1339558482885899,0.10716182546212548
0.2713644703919933,0.2619248698748972,0.1117263665162505,0.05690906356654532
0.457976647206005,0.3436041771262762,0.1644054672332399,0.25547105890009314
0.4451559633027523,0.3331335620189058,0.1593754868747053,0.23989072675685866
0.2695838198498749,0.2555156464976335,0.1121049009002982,0.0555405832747962
0.2727889908256881,0.2552084875746583,0.1052982756115397,0.058014810436337244
0.223999165971643,0.2701785308537344,0.1110976704284376,0.026107772912986573
0.4337597998331943,0.3267185396004513,0.1607911681162104,0.22613712425037322
0.1887422852376981,0.2300495453748847,0.0897482627020305,0.011339652113829347
0.4017080900750625,0.3502437948335444,0.1733488380365254,0.18813687781312152
0.1855371142618849,0.2521789299681735,0.1018819882651144,0.010347844172106194
0.3589724770642202,0.3126591051401807,0.1461608331446059,0.13988303517671155
0.4868231859883236,0.3798420698112063,0.2029483038793555,0.2908089893689395
0.2610366972477064,0.3001801108059432,0.1398687634690665,0.04918833125357934
0.3707247706422018,0.3153304719657209,0.1514888738557563,0.15279800526946138
0.3272768974145121,0.3215584989747495,0.1525660133109833,0.10680650127619282
0.3935170975813177,0.32955741174832,0.1595873815924068,0.17863632542288882
0.0943678065054211,0.2102864351465602,0.0755813404929829,5.6681988172753993e-05
0.3301259382819015,0.2831963763270602,0.120399595069388,0.10966040980089335
0.1057639699749791,0.194626945907489,0.0634365478306919,0.00017755403180876224
0.3782035029190992,0.3309621379607025,0.1603657102917238,0.1611695427684466
0.2930884070058381,0.3122546321998836,0.1381199444155668,0.07478337656319536
0.1980016680567139,0.2870484065348338,0.1276343010792745,0.014527928733903022
0.4049132610508757,0.3671900203926856,0.1885734812990894,0.19188110381098578
0.1727164303586321,0.2259051519030593,0.0866160524924259,0.006935813133358025
0.2225746455379482,0.2636740811010092,0.1094541802985781,0.025372367580069475
0.4697289407839866,0.3743975958172236,0.1933827309441091,0.2698303215144035
0.2008507089241034,0.2389088273077439,0.0913998592285443,0.015606899033128814
0.2232869057547956,0.2887202455584536,0.1259302198408383,0.025738616672211816
0.3144562135112593,0.3277264086177913,0.1502594801787067,0.09429634503700501
0.260324437030859,0.2983711760229632,0.1353151124832773,0.04867545777855556
0.2428740617180984,0.2432493673757695,0.09415700964393,0.03693557578230348
0.4626063386155129,0.3774930024115495,0.19885689131493,0.2611200870776062
0.1378156797331109,0.2319862915969237,0.0870800271338867,0.0016007415809851753
0.4615379482902418,0.3433491123972855,0.1700483914396212,0.2598155213137927
0.2268482068390325,0.2436794117271077,0.0974181977370202,0.027613404446445527
0.1121743119266055,0.2063684491901965,0.0714809184326207,0.0003047810701433659
0.2047681401167639,0.2379881699200454,0.0885451023875577,0.017166558227895826
0.158115095913261,0.2362446448403706,0.0911404293310271,0.004063434754635296
0.32514011676397,0.2930966956273831,0.1308040468082768,0.1046831658484643
0.2970058381984987,0.3034198421931625,0.1366358008830974,0.07822569990347616
0.284185154295246,0.2902704443867536,0.1270005924415481,0.06720198378302795
0.2457231025854879,0.2733618050949031,0.1174117500679205,0.03874160185365642
0.3222910758965804,0.2796104260396705,0.1199980045404282,0.10187536542813738
0.1659499582985821,0.2628487842661313,0.1145773377381329,0.005477355907049037
0.2435863219349457,0.2566814306307485,0.1038225761509771,0.03738294538488996
0.3041284403669724,0.30865029382566,0.1428436144391522,0.08464372309869872
0.1937281067556296,0.2317200642677188,0.0847259749599285,0.012996262528633146
0.3108949124270225,0.3110882008923454,0.1443287865307646,0.09092313381206345
0.2692276897414511,0.3127409824752413,0.1464940134959092,0.055268726270783525
0.2361075896580483,0.2625030728445227,0.1142788179740827,0.03282459669976482
0.1381718098415346,0.2196470102085625,0.0850030500621069,0.0016309605248189549
0.121789824854045,0.2100559939698886,0.0706783010399152,0.0006161091504501904
0.4861109257714762,0.3819031298390598,0.2007968377905898,0.2899332571966018
0.3244278565471226,0.3019406100610224,0.1375548951220578,0.10397869758485521
0.2799115929941618,0.2865478639487552,0.1222947996681789,0.06368689753243739
0.1014904086738949,0.2015070713448324,0.0626255045223671,0.00011924054841435198
0.3465079232693911,0.2936351526784623,0.136614817684244,0.12654507147942787
0.3824770642201834,0.3319025957429952,0.1580410691646043,0.16600210375718139
0.3440150125104254,0.3231942413719586,0.1468696470714867,0.12392611538202389
0.0833277731442869,0.203224875785856,0.0740691225006427,1.3922273692442457e-05
0.2656663886572143,0.2745731506319682,0.1155433492910641,0.05258421855641377
0.1317614678899082,0.2256767148095385,0.0893748588505973,0.001146900631267508
0.1613202668890742,0.2027125188304817,0.0685775429638081,0.004607503935063524
0.1823319432860717,0.2674485377924371,0.1180784678443735,0.009412446531031595
0.2321901584653878,0.2441135065223661,0.0977919904867222,0.030560877138689223
0.1962210175145954,0.2311054782722952,0.0825573892181442,0.013877119292446562
0.1919474562135112,0.2421540796133407,0.0996748297218768,0.012388595779339559
0.1744970809007506,0.2409109623997099,0.0941041039992404,0.0073579438630108854
0.4109674728940783,0.3376120089388428,0.1670211152440709,0.19899121689364446
0.1075446205170975,0.2254579154101374,0.0844705393012446,0.0002076439165030034
0.2393127606338615,0.2881126946719077,0.1276129867952946,0.034740399147355765
0.4419507923269391,0.3374465748593022,0.1630205366629741,0.23601245270746016
0.397790658882402,0.3349864848612194,0.1621552452320744,0.18358054076533983
0.3418782318598832,0.3201536376553174,0.1459383221920057,0.12169493432960668
0.4091868223519599,0.3620087621671672,0.1833544793645355,0.19689507072015935
0.2913077564637197,0.2727663654399499,0.1184354780716156,0.07323985693322807
0.3582602168473728,0.3526349120899328,0.1770162850122671,0.13911045700389255
0.3425904920767306,0.3127062297821994,0.1406761943198059,0.12243724498530704
0.3180175145954962,0.2863111022511497,0.1229961194214551,0.09771494551389244
0.0961484570475396,0.2120051519875119,0.077018150134591,6.897249392073377e-05
0.3554111759799833,0.2987754072936878,0.1331553513303482,0.13603237962401335
0.337604670558799,0.3212515065159974,0.1517434842161535,0.11727142198466667
0.2749257714762301,0.2940080686270355,0.130105589249267,0.059691521004332546
0.4586889074228523,0.3557046896484661,0.1772820435759701,0.2563394319727111
0.4640308590492076,0.3907040044151036,0.2049975416924231,0.2628603463195586
0.1805512927439533,0.2553807855646671,0.1010745749213672,0.008916853321881718
0.1634570475396163,0.2214014495535218,0.0793049029225982,0.004996413126213851
0.4141726438698915,0.3460803856930509,0.1718434125979928,0.20277419033393573
0.4373211009174312,0.3791794415048995,0.2009980685745059,0.2304241039107509
0.1841125938281901,0.2298183172025492,0.0931243867153066,0.009925194715364419
0.2613928273561301,0.2925636109334094,0.1375249560746006,0.04944573176261304
0.1517047539616347,0.2269553222926956,0.0830355817702983,0.0031105021600818673
0.2111784820683903,0.2272085085000617,0.0837834027914,0.01990964881222582
0.1566905754795663,0.2277999565378623,0.0863328418447501,0.003836385510331775
0.3611092577147623,0.3192021265025528,0.1470631034802858,0.14220796675469685
0.2446547122602168,0.2115413632472489,0.0754118262810025,0.03805917741356272
0.3265646371976647,0.2926200506865823,0.1236112581467092,0.10609707781116497
0.1816196830692243,0.2281759002621938,0.0909125672543235,0.009212159252982128
0.4683044203502919,0.3499579907719152,0.1764640533881193,0.268086552774522
0.4608256880733944,0.3663696708032697,0.1921000860364982,0.258946118191624
0.3475763135946622,0.3069715394453606,0.1395049909650099,0.1276726315248652
0.3992151793160967,0.3335419304632541,0.1619184668628234,0.18523478657838138
0.4782760633861551,0.3541171949021282,0.1795413141803589,0.2803085716173674
0.1616763969974979,0.2018838877871978,0.0683974339642579,0.004670848192325715
0.343302752293578,0.3457833424948022,0.1701092721443099,0.12318097519990902
0.2845412844036697,0.2759797363468514,0.1229836827873302,0.06749860404275754
0.0982852376980817,0.1553673698849281,0.0397180241650089,8.647218118989903e-05
0.1064762301918265,0.1779984560027931,0.0495889246135113,0.00018914675211602837
0.2670909090909091,0.2583696385907202,0.1066804384743805,0.05365055705218977
0.0847522935779816,0.2114143519404582,0.0689634279581969,1.7033806484495618e-05
0.379628023352794,0.3269271300563179,0.1526096911976747,0.1627765871884497
0.2788432026688907,0.2915551456114279,0.1283177869663997,0.0628210725572754
0.2325462885738115,0.2362832446320029,0.0899758085985085,0.03076311119541639
0.2314778982485404,0.2839034765124177,0.1200352282676475,0.030158552452845697
0.1652376980817347,0.2452850301469349,0.0975373522034376,0.0053369144859411275
0.145650542118432,0.244081631686691,0.0897538792239383,0.0023650208970557515
0.2767064220183486,0.2988921751619183,0.1293251380814467,0.06110519513154458
0.3660950792326939,0.3418765672126204,0.1699147239370318,0.1476736480907207
0.2813361134278565,0.2773469942357274,0.1180124217450296,0.06484943343687137
0.2029874895746455,0.2587910663497549,0.1088431803224959,0.01644667684479228
0.3618215179316096,0.3008924441082179,0.1352978465859758,0.14298531316013327
0.1004220183486238,0.2027322543257991,0.0707451400706662,0.00010737369021141023
0.1029149291075896,0.1997838486133444,0.067454706800272,0.0001366642869289622
0.2645979983319432,0.2722877028039214,0.1098162861050713,0.051791049019344976
0.1022026688907422,0.1836728821339221,0.0580448348112373,0.0001277161725721281
0.2357514595496246,0.2541479709844025,0.1045875433635325,0.03261525527036556
0.4779199332777314,0.3754980307202407,0.1894453543768904,0.2798714918964033
0.2916638865721434,0.2825878600130614,0.1193280634997746,0.07354748926128926
0.4950141784820683,0.3750744471801308,0.1891486126277907,0.30088716569495405
0.4558398665554629,0.3678058593993218,0.1867460587177874,0.25286756894273227
0.3351117597998332,0.3248933345508151,0.1570070897395542,0.11471563395356213
0.2282727272727272,0.2835351600160202,0.1184144343652104,0.028383574305520808
0.2702960800667222,0.3098231477882916,0.1468186896955557,0.05608613990733103
0.4572643869891576,0.3777021207917789,0.1955272139386467,0.25460295438033903
0.4508540450375313,0.3504836434612803,0.1720857587263042,0.24680284775460207
0.1976455379482902,0.2373819256991343,0.0845045323459605,0.014396320840915272
0.1428015012510425,0.221619242444196,0.0773848139073398,0.0020622712380013956
0.2382443703085904,0.2661673381066038,0.1091230130974196,0.03409546774257433
0.2824045037531276,0.3031919989510598,0.1370012316469581,0.06572736837396183
0.0747806505421184,0.184273861891317,0.0617195541462881,3.5319407544009967e-06
0.1834003336113427,0.2370448025072192,0.0976773150709526,0.009718027182234112
0.3084020016680567,0.3016027970876852,0.1364826245287511,0.08858958604210107
0.2168765638031692,0.2545880674739419,0.1018012207461198,0.02254735260805612
0.4985754795663052,0.3948150820722974,0.2105092458152999,0.30527239772728937
0.4444437030859049,0.3650158889543495,0.1857049481048374,0.23902825235668132
0.4494295246038365,0.3867813713537468,0.1989275003082257,0.2450728322020939
0.1100375312760633,0.2185763233755688,0.0780503647297639,0.000256334263005847
0.2638857381150959,0.29520948194081,0.1337830284559497,0.0512654219547544
0.2884587155963302,0.2614823950482595,0.1122067891966582,0.07079828856443375
0.0950800667222685,0.1823543251660674,0.0576949270523205,6.136496709642272e-05
0.1730725604670558,0.2256763881057797,0.0802430278097183,0.0070189385432433
0.4487172643869891,0.3608124630971372,0.187644986163791,0.2442083085511232
0.1577589658048373,0.2348783374350937,0.0923076495457094,0.004005832690956362
0.152417014178482,0.2137590388295442,0.0754297593887116,0.003207808852911926
0.1246388657214345,0.200021252061807,0.0669534665072986,0.0007433084770213939
0.4711534612176813,0.37911303286693,0.1997539299161341,0.2715748865805968
0.205836530442035,0.2442228376794806,0.0984821079888261,0.017607259426839588
0.1150233527939949,0.2127507095368381,0.0673119732967851,0.0003800884439799199
0.3586163469557965,0.3178030878089787,0.1482979433776616,0.1394965948426809
0.1620325271059216,0.2092000741143456,0.0723649459086793,0.004734779111138806
0.4846864053377814,0.3515032217460625,0.1744562883653768,0.28818214266938064
0.0762051709758131,0.1975792433315392,0.0688025761300056,4.534984277791385e-06
0.2329024186822352,0.2990751705609101,0.1356290217046774,0.030966058906935535
0.3839015846538782,0.3381696406247624,0.1675281662290549,0.1676204474995012
0.211534612176814,0.262693075911153,0.1094397899535689,0.02006900666815134
0.4166655546288574,0.3700969450878822,0.1892500248711208,0.2057249914715514
0.2368198498748957,0.2821408977014976,0.1244601350633016,0.03324539992027696
0.4811251042535446,0.3687690896183639,0.1932564105670637,0.2838065541382089
0.1242827356130108,0.2258683214023128,0.0864483405596493,0.0007264145442544402
0.2514211843202669,0.2770215421378827,0.1243713806331954,0.04248477744523062
0.4672360300250208,0.398348398662093,0.2086187157939317,0.26677926800666524
0.264954128440367,0.3138030826243899,0.1518866910056823,0.052054809483247914
0.1360350291909924,0.2315280025074123,0.0913527957615201,0.0014557010913320441
0.4853986655546288,0.3719397154488649,0.1896301331301859,0.2890576405209482
0.4469366138448707,0.3436261087148767,0.1653575698341923,0.24204845043842682
0.2806238532110092,0.2617434190471134,0.1050384058713492,0.06426701214790448
0.4982193494578815,0.3854232571058463,0.2006299420111194,0.3048337993553292
0.0754929107589658,0.1762351293662255,0.0515371653652659,4.006883672813685e-06
0.2770625521267723,0.3293707919830851,0.1588274857549231,0.06138970599767124
0.3728615512927439,0.3193716752514905,0.148197654277501,0.15517835882548112
0.200138448707256,0.2234412154383096,0.0833524110288825,0.015332798741229156
0.1901668056713928,0.2304378285902123,0.0855289812913769,0.011798756294029444
0.3237155963302752,0.3006444504758577,0.140416162899669,0.10327590131785823
0.368231859883236,0.3056529298556097,0.1449401603147316,0.15003301468807007
0.1648815679733111,0.2262236574333838,0.0836776178253529,0.005267606651457064
0.3899557964970809,0.3345411605784557,0.1584856355857425,0.17453824819114086
0.3696563803169307,0.3246841210436731,0.1531513044186559,0.15161139607943142
0.4957264386989157,0.377610765842069,0.1901703004044164,0.3017640716529371
0.3949416180150125,0.3230385119635878,0.1577334722597299,0.18028125164498818
0.2599683069224353,0.2731357480314399,0.1177031786095938,0.04841998701501863
0.362533778148457,0.3260605160155761,0.1621949450382183,0.1437638293422775
0.3333311092577147,0.2867890192420864,0.126725713865682,0.11290146018526642
0.4401701417848206,0.3450391249724419,0.1700502241296992,0.2338611244740697
0.4789883236030025,0.3956770068657515,0.2136724661127362,0.2811828458112823
0.229697247706422,0.2280821324616744,0.0841084692511385,0.029165271904180712
0.2621050875729774,0.2651164116158674,0.1097635054514695,0.04996245478826372
0.4145287739783153,0.3441965232742573,0.1681940700862591,0.2031952867171617
0.1541976647206004,0.1966425557207163,0.0598592082866207,0.0034602917223233603
0.4433753127606338,0.3843229982751078,0.2000840822696101,0.237735215515664
0.1484995829858215,0.2070022146790829,0.0697578612811283,0.0026979973479529296
0.1011342785654712,0.20480322052308,0.0684132952728503,0.00011517427262777354
0.1257072560467055,0.2335824575690798,0.0926568339727575,0.0007957622163283623
0.2834728940783986,0.2574125053081443,0.1053629082919391,0.06661043663522441
0.3247839866555463,0.3132702896866306,0.1465153152756373,0.10433072335140779
0.2827606338615512,0.2941049081809481,0.1263526351274941,0.06602115577703029
0.1203653044203502,0.1960229070452304,0.0675581748027698,0.0005590554902684473
0.3511376146788991,0.3348196090709024,0.161410654635288,0.13145297145587298
0.218301084236864,0.2155816774672829,0.0746952907300767,0.023236077429005044
0.4180900750625521,0.3626924970573369,0.1818957657765989,0.2074143802364323
0.253557964970809,0.2284583852595186,0.0863943910768159,0.04393292521930044
0.3849699749791493,0.3275430556096337,0.1596862588561122,0.16883659678402083
0.2524895746455379,0.257447561904491,0.1021311883542187,0.04320584788762527
0.3287014178482068,0.3149900742271608,0.1423216121039316,0.10823023272189694
0.1965771476230191,0.2441218733851918,0.0990378223282475,0.014005836279501917
0.2104662218515429,0.2682039956358686,0.1107406630161428,0.019593133290701798
0.073,0.1877711090299348,0.0593862874606127,2.548896603824789e-06
0.2012068390325271,0.2401197064711938,0.0950997241927594,0.015745040540902377
0.4764954128440367,0.3744792959334032,0.1915805208112865,0.27812356611166494
0.242161801501251,0.2782952217416218,0.1172662389169978,0.036490975493788894
0.3497130942452043,0.3577756498640703,0.1776806617680033,0.12993685193125665
0.3411659716430358,0.3175494695213192,0.1450191940011226,0.12095405286665648
0.134254378648874,0.2442779128441947,0.0940220245556633,0.0013204713900545942
0.2332585487906588,0.2838244772989651,0.1305035389356782,0.031169719646892885
0.1175162635529608,0.2061905991463171,0.0697303338491618,0.0004570671067696734
0.4042010008340284,0.3380225395497228,0.1628496983015852,0.19104782172372728
0.2617489574645538,0.2983178406344835,0.1295936565891987,0.049703773311159646
0.1050517097581317,0.2079493460532067,0.071512778579308,0.00016652893750435517
0.4864670558798999,0.3665993002089582,0.1828990923585844,0.290371109052602
0.1374595496246872,0.227643840284558,0.0795029852711176,0.0015709303018930415
0.4383894912427022,0.3592750290658182,0.176372359960477,0.2317122338388539
0.4287739783152627,0.3324176346090118,0.1609433724894282,0.22015393711541079
0.1623886572143452,0.259477748406713,0.1063972059693446,0.004799298890131158
0.0975729774812343,0.1750312160748133,0.0469215640588202,8.028248596543154e-05
0.1196530442035029,0.2114075301697781,0.0753024692214474,0.0005320797304591134
0.1798390325271059,0.2454326592883035,0.0911104389027909,0.008723384426305564
0.476139282735613,0.3518706055001886,0.1762846728530024,0.27768668522705436
0.1890984153461217,0.2039629082203067,0.0715321572513873,0.011453367665289172
0.4358965804837364,0.3514680767277645,0.1739781198152236,0.22870804007562445
0.2507089241034195,0.3066206573823278,0.1395656338874685,0.04200741419108342
0.3098265221017514,0.3138418169915826,0.1458397455181248,0.08992021487443497
0.3999274395329441,0.3543981694076784,0.176217679351919,0.18606303444863612
0.2492844036697247,0.2760562813699644,0.1132258847059191,0.04106076368985352
0.193371976647206,0.2508098023691954,0.1064256140578189,0.012873298434998563
0.41595329441201,0.3586258737011066,0.1831141098915552,0.20488116639074735
0.1314053377814845,0.2339751671834473,0.0909899211472913,0.001123551309648028
0.0829716430358632,0.2026733627935714,0.0625908891585448,1.322329785325739e-05
0.2567631359466222,0.2606287650177453,0.110250805131279,0.04614992521250675
0.1417331109257714,0.1951649565561754,0.0655907520994191,0.0019562337236940035
0.4658115095913261,0.351026176449013,0.1789724195036687,0.2650369699861727
0.133185988323603,0.1862175632215808,0.0571466862440665,0.0012438831923620379
0.4497856547122602,0.3570058868852985,0.1804259346371291,0.24550521596419358
0.1346105087572977,0.2257178620471716,0.0829627460540886,0.0013467508489687207
0.2574753961634695,0.2558695057718682,0.1057626228191532,0.046649824930390875
0.4177339449541284,0.3475693708294269,0.1722130414504631,0.20699181770034233
0.3226472060050041,0.3210496741477381,0.1481059837715533,0.10222486413946816
0.24785988323603,0.2470075057119456,0.0972828840364638,0.040124932274297434
0.0989974979149291,0.2169459982455747,0.0797303720604945,9.303960869474274e-05
0.4220075062552126,0.3718860253225962,0.189100040760481,0.21207178476476354
0.2820483736447039,0.3123022938477355,0.1407473936176756,0.06543415134126161
0.1563344453711426,0.2272276767545153,0.0895198432941976,0.003781014777321942
0.1492118432026689,0.2157341450225865,0.0764382591060482,0.002786132776382002
0.4098990825688073,0.3660545700798463,0.1851604555222718,0.19773304733117997
0.1200091743119265,0.2200639912897856,0.0819114616297533,0.0005454408796341896
0.4843302752293578,0.3844380889052341,0.2034304016652947,0.2877444393499266
0.3336872393661384,0.3165767404066658,0.1437696925956805,0.1132635266223379
0.4077623019182652,0.3773475015641663,0.1951271948192726,0.19522107508679412
0.138884070058382,0.2437642925040389,0.0969065582814575,0.0016926335037564133
0.0876013344453711,0.2030172202375934,0.0702580147191418,2.5001591392900183e-05
0.1114620517097581,0.2086114701665747,0.0756966144406105,0.00028790408457027896
0.3749983319432861,0.3299077821825415,0.1573990470188364,0.1575680363221675
0.2752819015846539,0.2905059941773774,0.1305056827188675,0.05997306770040998
0.3044845704753962,0.2939652044075301,0.127362961254921,0.08496987243331044
0.4291301084236864,0.3587377225988213,0.183491892427835,0.2205805535328156
0.4878915763135946,0.366938100480509,0.1897119847842273,0.2921227969719781
0.2450108423686405,0.2754119045499982,0.1186843524777056,0.03828596534607538
0.2396688907422852,0.2603936087158706,0.1066111317382221,0.03495677807679049
0.0815471226021684,0.171678215077808,0.0440009045193577,1.0712832497974969e-05
0.308045871559633,0.2990964173353149,0.1333401277730954,0.08825811543359369
0.3148123436196831,0.2937354520709848,0.1305255296844658,0.09463618389304948
0.3408098415346122,0.3101544574224859,0.1467841778558662,0.12058415109592814
0.4266371976647206,0.3760901332272565,0.1953975621665372,0.21759677556887208
0.2033436196830692,0.2287607382514814,0.0830195885519049,0.01658919228422742
0.3717931609674729,0.3643801521663481,0.1886489979505274,0.15398700237252785
0.4476488740617181,0.361566485288759,0.1836941783005241,0.2429121418780254
0.2093978315262719,0.2702865214669837,0.1140368269742542,0.01912386012345752
0.2346830692243536,0.2597808458989695,0.1044279704538931,0.0319914800728741
0.1670183486238532,0.2556627641311657,0.1022722145778991,0.005692612667000163
0.3436588824020016,0.3155183732150491,0.1486437628294674,0.123553369644428
0.421651376146789,0.3315258719192241,0.160950500960267,0.21164770035100325
0.2311217681401167,0.2713435968814696,0.1173271037818609,0.029958463034060783
0.2136713928273561,0.2808827043758481,0.1207391358007185,0.021040554286190286
0.3368924103419516,0.2888493831051158,0.1260892595140732,0.11653931914715747
0.1356788990825688,0.2468866617831886,0.0937471043018876,0.0014278825273706093
0.0794103419516263,0.1827088637671634,0.0584096058031527,7.701941903915315e-06
0.4106113427856547,0.3385744469559744,0.1650596406520892,0.19857166753127706
0.3628899082568807,0.3133259209567566,0.1500586388532035,0.1441535233318191
0.2848974145120934,0.2865139189009619,0.1191553445495165,0.0677957870647943
0.0947239366138448,0.1644794914476673,0.0427244606749788,5.898581673619441e-05
0.1698673894912427,0.2442340391889551,0.0951854540438907,0.006293959078002336
0.4736463719766472,0.3892020705238814,0.2076692836415121,0.2746296972102022
0.1720041701417848,0.2513992673469092,0.1047732452312005,0.006771501751204744
0.3725054211843203,0.3068748317144927,0.1344492705922514,0.1547809796144806
0.2040558798999165,0.2462193613962217,0.1010919749023245,0.01687641385955871
0.3885312760633861,0.3447871460023859,0.1697233975077548,0.17290487083982323
0.434115929941618,0.3733490678885166,0.1900520123495376,0.22656534008372825
0.3789157631359466,0.3226639063604968,0.1555743939107396,0.16197258208815737
0.3294136780650542,0.3117516451783795,0.14655802189935,0.10894452057687674
0.3668073394495413,0.3128325488710805,0.1410940523479166,0.14845899806691842
0.2678031693077564,0.2762788947471198,0.120062542953626,0.05418746793882554
0.3860383653044203,0.3202741473997088,0.1512810146271588,0.1700547663728601
0.3931609674728941,0.3179218297298992,0.1490931238463681,0.1782255953663703
0.235395329441201,0.2498536146592458,0.100113679456458,0.03240662156313066
0.2129591326105087,0.2652280131325761,0.114092199422868,0.020713771889207755
0.3133878231859883,0.2904215781176365,0.1306714143889535,0.09327955696503334
0.3974345287739783,0.325943653968213,0.1552767373453499,0.1831674533067898
0.4163094245204337,0.3574559534890819,0.1804373564786159,0.20530300582725292
0.2065487906588823,0.2502060234072743,0.0995030318141489,0.017904719236852648
0.2197256046705588,0.2532230518762803,0.1007748601934325,0.023936499478072873
0.0993536280233527,0.2265558534130715,0.0842438389294862,9.647008787596402e-05
0.4722218515429524,0.3853203542780259,0.1991254611883831,0.27288381401963663
0.3799841534612176,0.307076615981837,0.1352826430372453,0.16317894937190427
0.2510650542118431,0.282593082046744,0.1206042810735743,0.04224576012613575
0.4081184320266889,0.3331732235088198,0.1580151247679612,0.19563932719191382
0.2923761467889908,0.2698370024336191,0.1163327150350441,0.07416436390177442
0.1135988323603002,0.2053946733931885,0.0721614645994002,0.00034082982803503617
0.2215062552126772,0.2854390004146764,0.1270981159333668,0.024828451282857177
0.2870341951626355,0.2899817725662851,0.129443893546178,0.06959063183623004
0.2881025854879065,0.2878179889455322,0.1320098621200307,0.07049554813081906
0.104695579649708,0.2085539120390525,0.0694219195227078,0.00016122309113380533
0.481837364470392,0.3663200868797929,0.187420068108392,0.28468140700502476
0.2503527939949958,0.2453446901876821,0.096808993543523,0.04176974061404767
0.3846138448707256,0.3265727413255224,0.1557794785230814,0.16843098790269462
0.4027764804003336,0.3426623310473285,0.1652676583134582,0.1893833588382496
0.428417848206839,0.360816172532535,0.1842237364474461,0.21972744029416955
0.0769174311926605,0.2148258398408261,0.0826339437069587,5.120932321764839e-06
0.2140275229357798,0.2535340743516838,0.0967582177552377,0.021205045222714856
0.3415221017514595,0.2884399401243398,0.1316725194409244,0.12132431434687446
0.2706522101751459,0.2634660979888069,0.1140462998766387,0.056359837158512234
0.0879574645537948,0.1656127907782091,0.0483525484984245,2.6184273486254614e-05
0.1324737281067556,0.2033541954108807,0.0640001888575214,0.0011946686543453447
0.2211501251042535,0.2709233838424907,0.1090456674986852,0.024648602530206464
0.2781309424520433,0.254138846160683,0.1005388930887822,0.06224676844949946
0.1680867389491242,0.2719945895372803,0.1104129143650307,0.005913430468913717
0.3603969974979149,0.3477451452014238,0.1735276163174811,0.1414317990089639
0.2247114261884903,0.2465136349328477,0.0974766808337083,0.02647983317632412
0.3187297748123436,0.2985282669172997,0.1282074171071056,0.09840399875193716
0.2667347789824854,0.2625183117746494,0.1133117972827102,0.053383035274778966
0.4725779816513761,0.3821834239974577,0.2040571230660769,0.27332021650153765
0.3130316930775646,0.2984131186871116,0.1370350837459199,0.09294154141834385
0.3183736447039199,0.3128794191543006,0.1451732735111319,0.09805925227791658
0.4483611342785654,0.3805729436174484,0.2022097472888797,0.24377616987629183
0.4918090075062552,0.366241031716548,0.1865592855525455,0.2969420745938003
0.4405262718932444,0.3477098176989163,0.1728841325111494,0.23429119774108562
0.4412385321100917,0.3896151866147128,0.2070775824724328,0.2351516341505359
0.1645254378648873,0.2328915822681191,0.0836134792988346,0.0051989046732353605
0.1923035863219349,0.2454462186019177,0.0949353750471178,0.012508699858860613
0.0783419516263553,0.1798064602793187,0.0556133452076368,6.4865942056653655e-06
0.3938732276897414,0.3508734226217394,0.1752756356837387,0.1790472570083101
0.1883861551292743,0.2265101260628545,0.0881215806363866,0.011226642050259621
0.2891709758131776,0.2913697405711339,0.1298575345352345,0.07140541422945464
0.4480050041701418,0.3210282081300529,0.1465502620599665,0.24334411411458656
0.3543427856547123,0.3395544721309168,0.161475003975737,0.13488322879566889
0.1520608840700583,0.2101223288963644,0.070490054253305,0.003158894780216481
0.1367472894078398,0.1800671523147106,0.0500857819803125,0.0015125186019071236
0.1082568807339449,0.2050639186032454,0.0689628274782611,0.00022074375795575583
0.2585437864887406,0.2463927025369213,0.097977413954981,0.04740456929577563
0.0808348623853211,0.2076736532839871,0.0746134649341994,9.615637577514203e-06
0.1997823185988323,0.2361674710467178,0.0915834447529857,0.01519683913408126
0.3340433694745621,0.2813811238588579,0.1231402344722698,0.11362597845418643
0.4622502085070892,0.3730698190384638,0.1889678728141024,0.2606851710617897
0.4686605504587156,0.3680000682424457,0.1896000894952746,0.2685224185651038
0.2905954962468723,0.2847115368742491,0.1278579498416657,0.07262620872370154
0.4323352793994995,0.3391512315941292,0.1653215394819078,0.2244253645684273
0.1940842368640533,0.2227233603556606,0.0737869884021389,0.013119943428336044
0.2264920767306088,0.2571472748470306,0.1009486394629634,0.027422666976089752
0.4152410341951626,0.3558457541319902,0.1814387411260677,0.2040379293358026
0.1502802335279399,0.220898913081015,0.0858056119677719,0.00292209361542052
0.1452944120100083,0.213435072653987,0.0755474321910259,0.0023255539529633564
0.3952977481234362,0.3564574282478984,0.1789153496758619,0.18069298006341022
0.4013519599666388,0.356062962836212,0.1798272824859466,0.1877217442793411
0.1061201000834028,0.2095419304302292,0.0667684742636725,0.0001832781971901437
0.3970783986655546,0.3425682665361263,0.1703940115802958,0.18275455725784975
0.0972168473728106,0.2014238949949569,0.0693173796109489,7.732425963854643e-05
0.3913803169307756,0.3674189219529307,0.1892987667575428,0.17617500072446685
0.1741409507923269,0.2618747919589379,0.1057881511537065,0.007272213698953001
0.3208665554628857,0.3147448765816406,0.1472594740774735,0.10048163964834607
0.1032710592160133,0.1902089591358087,0.060570754582667,0.00014132125504867695
0.2275604670558799,0.2399341024845638,0.0914069068750531,0.027997046361876936
0.3564795663052544,0.3112860640480557,0.14436385751801,0.13718434471243815
0.127487906588824,0.2180157067319732,0.0782164044800789,0.0008892776010108005
0.0997097581317764,0.1978132007394736,0.0627936823002657,0.00010000118398415966
0.4440875729774812,0.3342826975064285,0.1595779637499805,0.2385971494742782
0.2795554628857381,0.2836106362594297,0.1259045036912029,0.06339770836305052
0.2318340283569641,0.2667322571060789,0.1095432337098932,0.030359357354684813
0.3233594662218515,0.2772186825213029,0.1135174915172078,0.10292513335730556
0.139952460383653,0.1943566216373599,0.0617784100695252,0.0017882758828314134
0.169511259382819,0.237247097332275,0.0902255146306597,0.006216594683537695
0.15704670558799,0.2256161866032178,0.0835955576739713,0.0038923104645068748
0.2464353628023352,0.2807272303503289,0.1235931454027552,0.03919997997700602
0.4857547956630525,0.3786003443935128,0.1982826670339659,0.28949543421435553
0.2720767306088407,0.2806462980034472,0.1207041095138218,0.057460724531655176
0.1146672226855713,0.2298665256433988,0.0842849081098465,0.0003699629084800545
0.2998548790658882,0.3097978301761264,0.1474760546404518,0.08076864640017858
0.4743586321934945,0.3651877483528767,0.1858307848393998,0.27550290729233046
0.3400975813177648,0.3271798233336784,0.1555611899074427,0.1198454315184463
0.2553386155129274,0.2777636551132241,0.1148980226593175,0.045157995533730275
0.2984303586321934,0.2824373129692338,0.1200299227990975,0.07949307375946742
0.3525621351125938,0.3066551421606,0.1416598575385909,0.13297431528218726
0.4312668890742285,0.3177492925816004,0.1480924454429493,0.2231427232346346
0.3764228523769808,0.3414772288215899,0.1647422284242141,0.159166223245234
0.1178723936613844,0.2095309083308013,0.0715680359028606,0.000468970570542568
0.1143110925771476,0.2196013078362324,0.0819908212764093,0.00036004653688163804
0.2414495412844036,0.2478696611528519,0.1001559010768665,0.03604915118411743
0.3365362802335279,0.3320054953212089,0.1584739090235126,0.1161738285804819
0.4262810675562969,0.3261222078725393,0.152824975142084,0.217171011616912
0.0932994161801501,0.187956303591329,0.0551176506301219,5.020476877334588e-05
0.2877464553794829,0.2658757921783699,0.1144545550928128,0.07019335767611748
0.3529182652210175,0.3137420865379427,0.1407910844150538,0.13335545883495345
0.4184462051709758,0.3636936644149691,0.1897028876628959,0.20783708502090764
0.3066213511259382,0.2997137854701587,0.1363612246472149,0.08693701842447414
0.3942293577981651,0.3475691193666532,0.1735649588754524,0.17945838919229506
0.4009958298582152,0.361129490713598,0.1869015714906536,0.18730679228844607
0.110393661384487,0.1848782291595291,0.0612451971662519,0.0002639605315900233
0.2991426188490408,0.302255640613638,0.1363356984649031,0.0801298404413194
0.2044120100083402,0.2486742462716168,0.0957179445460578,0.017021120561719127
0.1684428690575479,0.2152692453357066,0.080302862234749,0.005988281246314463
0.3062652210175146,0.2594540554613863,0.1062023585219786,0.08660794703853879
0.0893819849874895,0.1938059503626508,0.0619072169314533,3.138574748523541e-05
0.1972894078398665,0.2597561821248774,0.1040019327127722,0.014265436494469359
0.3482885738115095,0.2988254787947873,0.1354593882457664,0.12842603131240118
0.1424453711426188,0.2121156355301419,0.0773430970894517,0.0020264799625900856
0.109325271059216,0.1999949120505624,0.0713431050304944,0.00024159788956448
0.0744245204336947,0.2021396959780539,0.0625818278572479,3.313015545509834e-06
0.2934445371142619,0.3066825991904209,0.1405884199798702,0.07509368141483438
0.4255688073394495,0.3464932433938791,0.1736865541976374,0.21631985859160655
0.0915187656380316,0.2035061818676243,0.061900330377426,4.075464818582396e-05
0.1666622185154295,0.2374875985883277,0.0917029558705905,0.005620245135867464
0.4618940783986655,0.3573954440851775,0.1831580945834623,0.26025031562861295
0.2307656380316931,0.242081864128115,0.0954393900105713,0.02975908969059964
0.4188023352793995,0.3585033124994558,0.1858728168470037,0.20825993126845513
0.3514937447873227,0.318807203464659,0.1486298041298775,0.13183282053880233
0.3742860717264387,0.313839073426284,0.1465012032660887,0.15677045512456791
0.3190859049207672,0.3193537007428914,0.1536423933349519,0.09874918365185775
0.1812635529608006,0.2401685781120274,0.0982004397836849,0.009113041874019148
0.194440366972477,0.2551830276433529,0.1031328233901833,0.013244341823821667
0.3814086738949124,0.3369627351435016,0.1616572814607331,0.16479077211231222
0.1844687239366138,0.2082255738519796,0.0711024689946026,0.010029816094921876
0.1260633861551292,0.2291977796301166,0.0862436916750445,0.0008138477679740138
0.1171601334445371,0.1918828746287512,0.0607434304953201,0.00044539615743896315
0.4512101751459549,0.3843799365147033,0.1974445776647273,0.2472355498526264
0.277418682235196,0.2906799437507397,0.121291512813868,0.06167480599836266
0.3212226855713094,0.3038524806956155,0.1389854002102725,0.10082942818074442
0.3094703919933277,0.2771179679412298,0.1159711603938274,0.08958684830800881
0.0908065054211843,0.1833713011616372,0.0563774807743543,3.740722366078604e-05
0.3315504587155963,0.3196931046380133,0.1589543782430248,0.1110969523150293
0.3575479566305254,0.3381436997279142,0.1670927638282438,0.1383390933178972
0.1987139282735612,0.2282416830916109,0.0862422295737,0.014793317231256839
0.4832618849040867,0.3943086692835631,0.2147131110910941,0.28643151688439067
0.1235704753961634,0.2129179974109443,0.0777979697355025,0.0006934940962027794
0.2403811509591326,0.2311893423811755,0.0864886314185045,0.035391633992625966
0.3055529608006672,0.256273470140636,0.1083031436764019,0.0859512568228329
0.2150959132610508,0.2501097630219042,0.098744964033389,0.021702915905575316
0.4836180150125104,0.3874258723837595,0.2037747208167562,0.2868691260330122
0.4066939115929942,0.3587383524540777,0.1808968365120534,0.19396731783659907
0.1869616346955796,0.2067325835870048,0.0739138530698228,0.010781637847436583
0.07976647206005,0.1768773981278398,0.0556354497180123,8.147369638107972e-06
0.3165929941618015,0.3524925750767419,0.1752600264992095,0.0963421412743977
0.085464553794829,0.1887771245870176,0.0616444464614368,1.879392042745758e-05
0.3664512093411176,0.3068485743210534,0.1378303128783061,0.14806618398295665
0.2528457047539616,0.2776818476961681,0.1169185352904789,0.04344754089766358
0.3675195996663886,0.3464690978825856,0.1684351124689428,0.14924545647979656
0.4540592160133444,0.3176713245046649,0.1545459247612708,0.2506999281811731
0.2179449541284403,0.2921948194474233,0.1273932628534812,0.02306279903694599
0.3639582985821518,0.3400774163679317,0.1653677947720735,0.1453243356537503
0.2642418682235196,0.308113803777697,0.1417530538864914,0.05152791946313543
0.3429466221851543,0.3269200313540192,0.1534965125492775,0.1228089332461428
0.4533469557964971,0.3690166309456082,0.194105241061458,0.24983338158268645
0.3906680567139283,0.3352793214574451,0.1617199929271634,0.17535620636424112
0.0865329441201,0.1928508737612108,0.0658064588714911,2.1714893248810574e-05
0.1353227689741451,0.2011854110072102,0.0658181938598889,0.0014004533441565278
0.1602518765638031,0.2099282919203902,0.0702747229129291,0.004420968912559425
0.361465387823186,0.3239287978510722,0.152234147573239,0.14259649318083592
0.459045037531276,0.3461296381182834,0.1742155043969819,0.25677371782542935
0.4565521267723103,0.3648436386468098,0.1911510212708926,0.25373512289150646
0.3522060050041701,0.3309418296095917,0.1576202766979505,0.1325934936107896
0.4946580483736447,0.3834334438852378,0.2012806904207343,0.30044874107971126
0.2471476230191826,0.279297892035565,0.120273106796442,0.03966109254107268
0.1278440366972477,0.2191329642702669,0.0754420716224397,0.0009089225078023844
0.3002110091743119,0.295636196789414,0.1335112951899516,0.08108881085121009
0.3087581317764803,0.3063514154641886,0.1399195453004343,0.08892153259161767
0.3767789824854045,0.3351411679349751,0.1621602450603544,0.159566394055749
0.175209341117598,0.2431668067862216,0.0947378070783172,0.007531371519770868
0.295581317764804,0.3002966693076124,0.1356533116685992,0.07696660813821256
0.5,0.371374465531655,0.1878819716693907,0.30702694143714504
0.3169491242702251,0.2918534132205983,0.1265110113213571,0.09668467633877716
0.3835454545454545,0.3362810967727568,0.1666808696124178,0.16721551794845235
0.2756380316930775,0.2971513248043568,0.1388066722013984,0.06025520968968687
0.4800567139282735,0.4012508401066885,0.2167050225866071,0.282494537239345
0.3343994995829858,0.3166963865814884,0.1506773764292216,0.1139888144436549
0.3550550458715596,0.3292716999130978,0.1587001559857505,0.1356490151299953
0.0790542118432026,0.1733819382853227,0.0492740538047156,7.277179071122207e-06
0.1182285237698081,0.1719702683245636,0.0490980408931493,0.00048110951469127464
0.187673894912427,0.2485544336849503,0.0979449530310834,0.01100273465401817
0.16381317764804,0.2008675835069962,0.0677774197591045,0.005063310002210589
0.4088306922435363,0.3352222533472149,0.1616962521023767,0.19647632585203031
0.4928773978315263,0.4120666986486165,0.2220299195832391,0.2982569166554818
0.1406647206005004,0.2135021749855449,0.0751005156260055,0.0018541610475134344
0.1139549624687239,0.2021243996949523,0.0690966734634726,0.00035033646180280956
0.4907406171809841,0.3793357311125762,0.1925191441530575,0.295627434668055
0.3892435362802335,0.3540654755848837,0.1805898552062189,0.17372113380528728
0.2888148457047539,0.2428669708901856,0.0991499591551308,0.07110157769247433
0.1371034195162635,0.2272366233877764,0.0861408643983018,0.0015415236551016296
0.1801951626355296,0.2422592077379471,0.1006822596546632,0.008819779571896624
0.2496405337781484,0.2691305460706474,0.1110610934539313,0.04129641440300473
0.1969332777314428,0.222661483620637,0.0714877379011687,0.014135275157902508
0.4415946622185154,0.3527201834982072,0.1771108355320945,0.23558199598602508
0.42271976647206,0.3728559724994598,0.1877000366663086,0.2129203540004124
0.3379608006672226,0.311058388317701,0.1480842420600581,0.1176380318075267
0.482905754795663,0.3533215007217183,0.1707445063668419,0.28599393997773065
0.2571192660550458,0.2674696052489035,0.1119621677247014,0.04639954804304346
0.2054804003336113,0.2360500973487051,0.084232943779523,0.017459627432536873
0.0890258548790658,0.1810961103081018,0.0533147999028722,3.0012044671715935e-05
0.2425179316096747,0.2791773466429286,0.1222606257695108,0.036712929054737095
0.1289124270225187,0.2232537620263751,0.0854256008697697,0.0009697968880902927
0.445512093411176,0.3655634249275155,0.1885387268718965,0.24032209701237214
0.1338982485404503,0.2061946124857504,0.0701762869242734,0.0012945690177591162
0.0786980817347789,0.1799233327024131,0.0536221289963439,6.8723126249139954e-06
0.2549824854045037,0.2789903745508169,0.1225122724792077,0.044911658753829256
0.0900942452043369,0.1865432433371085,0.0546415371329054,3.428824644225519e-05
0.1410208507089241,0.2148461080602043,0.0771740834928969,0.001887749649797131
0.2674470391993327,0.2975216033772003,0.1323286605402893,0.05391870166236066
0.2564070058381985,0.2865957956526653,0.1277584870196136,0.04590095749567232
0.4209391159299416,0.3723464950574351,0.1952029797864821,0.21079993575411368
0.4070500417014178,0.3158088374130661,0.1482330646599083,0.19438506955939036
0.3678757297748123,0.3313199413379494,0.1627998823942713,0.14963909864838998
0.4230758965804837,0.3756002258342861,0.1875068389683904,0.21334483729959797
0.2439424520433694,0.2331419997797021,0.088169312104448,0.037607666567237664
0.4747147623019183,0.3771134068768282,0.1908413013871448,0.2759395777929546
0.1737848206839032,0.2648675090608763,0.1121408326417528,0.007187137176838935
0.4394578815679733,0.3554032768327944,0.1760554186878178,0.23300127109813426
0.356835696413678,0.3307185555907762,0.159306815308885,0.13756895314858705
0.4074061718098415,0.3597969967663472,0.1826558581961435,0.1948029889263894
0.1531292743953294,0.2108724365139691,0.0777083560237154,0.003307211765556267
0.0822593828190158,0.2112119168756052,0.0678720830984542,1.1912910675544928e-05
0.1734286905754795,0.2161362349349588,0.07270685026233,0.007102712671736571
0.4821934945788156,0.3694909684606158,0.192408640816411,0.2851188846067799
0.2286288573811509,0.2477363353505188,0.0953557486595754,0.028577919276071524
0.488603836530442,0.3751087035618638,0.1938562681393248,0.29299880350444313
0.2026313594662218,0.2365185763607266,0.0860248126077624,0.01630489123671785
0.1545537948290241,0.2469267779183506,0.0947713845085351,0.0035123887455159896
0.0861768140116763,0.1769758307007124,0.0524913752951156,2.070222905998418e-05
0.3112510425354461,0.3233205190996759,0.1498052008194546,0.0912583755413321
0.3397414512093411,0.321845007755434,0.1523168386625057,0.1194766161332252
0.4932335279399499,0.3829912544896006,0.1982168968772669,0.29869524045955015
0.2061926605504587,0.2825212377275806,0.1211860707424124,0.017755623296966783
0.2400250208507089,0.2547932892683378,0.1055177929481186,0.035173856619003525
0.3871067556296914,0.3193607842260235,0.1448276603703901,0.17127492986746617
0.4935896580483736,0.3588484308106895,0.1749452849817975,0.29913358518376115
0.3176613844870725,0.3309193837139896,0.1541399275522033,0.09737107974504797
0.0843961634695579,0.1793301503423969,0.053825664244708,1.620647540538192e-05
0.4326914095079233,0.3734433772900496,0.1956814068130855,0.22485313754579456
0.4914528773978315,0.3934147840021948,0.2117961674503421,0.29650383830804017
0.1420892410341951,0.2230950734109638,0.0810851441569186,0.0019911351014244624
0.4665237698081734,0.3779613021494347,0.195123774526216,0.26590801039190676
0.4693728106755629,0.3817179341540446,0.1997112871194756,0.26939430343414905
0.4515663052543786,0.3697386745442408,0.1921988158688667,0.24766833003948993
0.2521334445371142,0.2659043836359248,0.1131630611932282,0.04296482231312789
0.398859049207673,0.3066741107731915,0.1396217564141562,0.18482094253479775
0.4205829858215179,0.3377165437839284,0.1574226394086569,0.21037625710628602
0.4939457881567973,0.3743061609892026,0.1939968169972644,0.2995719504475597
0.4601134278565471,0.3581806396865843,0.1828593395744989,0.2580769660192109
0.3579040867389491,0.3349421507192455,0.1642603338429954,0.13872462278635558
0.2791993327773144,0.2800823458117703,0.1196952943371792,0.06310909962150471
0.1299808173477898,0.2165443944070712,0.079980081392567,0.001033646137945556
0.3151684737281067,0.316067032302463,0.1482764029460512,0.0949764753440541
0.4992877397831526,0.3849344047775724,0.2031843862510847,0.3061496402493423
0.1306930775646372,0.2144640392991449,0.077786229169698,0.001077906518390265
0.3653828190158465,0.3238285816549296,0.1551512107834085,0.1468894152231128
0.3240717264386989,0.2762308403207721,0.111418672421624,0.10362708981719503
0.4319791492910759,0.3282491119342852,0.1554026009318191,0.22399770405448605
0.385326105087573,0.3611445571544427,0.1792641637847223,0.16924243014235452
0.3917364470391993,0.3636074589059406,0.1840321494717645,0.17658470910875365
0.3981467889908257,0.3146134592721383,0.1537487539568146,0.18399381872607024
0.4996438698915763,0.4022321171878513,0.2150957119142192,0.3065882836871362
0.1271317764804003,0.2108858374404382,0.0757068328703114,0.0008699507836914649
0.4212952460383653,0.3170607288377622,0.1456252151017566,0.21122375042525313
0.4298423686405337,0.3639763809528279,0.1820936431650665,0.22143414226763655
0.2542702251876563,0.2485587531978052,0.1006351922358732,0.04442096721778133
0.1125304420350291,0.2060848613895495,0.0748679369655661,0.00031350222431584813
0.1534854045037531,0.2224839067539487,0.0821861915423791,0.0033577057751956294
0.4237881567973311,0.3553689037397289,0.1776310694413042,0.21419419746967205
0.3760667222685571,0.3438445789293417,0.1683306201773586,0.15876630103535017
0.1096814011676396,0.1723109077972127,0.0498587883515908,0.0002488809429406975
0.2229307756463719,0.2290883428128579,0.0875131222082709,0.025555128543512346
0.2222185154295246,0.2539074488608798,0.0983626342998688,0.025190334147201347
0.2952251876563803,0.2839930025570309,0.1307903614375479,0.0766531390281637
0.2816922435362802,0.2531180331619843,0.1002833406536615,0.06514150594179528
0.4504979149291075,0.3483032587530729,0.1771329631716862,0.24637022434148656
0.4002835696413678,0.3340791825611592,0.1638775008221374,0.18647743648344192
0.3123194328607172,0.3031285017921462,0.1410559962459065,0.09226688880861263
0.1153794829024186,0.2139845799686691,0.0797799687473085,0.0003904260223317392
0.0918748957464553,0.1731731110144266,0.0542941660353946,4.2517875854543324e-05
0.1267756463719766,0.2066326118945048,0.0702846211801051,0.0008509389445750807
0.2165204336947456,0.2729854275268064,0.114315930173259,0.02237700072560698
0.4960825688073394,0.3765139963383126,0.1999185330424993,0.3022025522521028
0.1467189324437031,0.2233433012402905,0.0821267992594808,0.0024862671426495917
0.4768515429524603,0.3525908756720743,0.1746562366566966,0.2785604876802371
0.3073336113427856,0.2778600667022241,0.1181983291958089,0.08759660724002737
0.4633185988323603,0.3897000181517434,0.2099104977327489,0.2619900987238167
0.1556221851542952,0.21988292986201,0.0751297308978842,0.0036719262267226054
0.0758490408673894,0.1585789598104603,0.0432938470055802,4.264003343297658e-06
0.1296246872393661,0.2135983885254158,0.075896624805231,0.0010120273245061353
0.0858206839032527,0.2003894485035785,0.0687857822624719,1.9728968840782328e-05
0.2339708090075062,0.2505400118492753,0.0993179083757173,0.031579177664984207
0.3048407005838198,0.2570499505057013,0.1023572284387614,0.08529651203443923
0.1631009174311926,0.2302441558120583,0.081771730840613,0.004930113740191206
0.180907422852377,0.2201262455209542,0.0856709018111673,0.00901460699027905
0.392092577147623,0.3264628533853416,0.1575273670800697,0.17699462370476057
0.4462243536280234,0.3744954583185692,0.1884991575624279,0.2411851004937436
0.386394495412844,0.3297479379541356,0.1529782417464363,0.1704612672915521
0.2763502919099249,0.2658903698664794,0.1087309214964032,0.060821274635941516
0.2948690575479566,0.3029704413767918,0.1336681392630092,0.07634019404947615
0.4804128440366972,0.3760343732159694,0.1911362692234081,0.2829318406328178
0.439814011676397,0.3691548919808818,0.1869496553946744,0.2334311487068929
0.4807689741451209,0.3829352418628114,0.1981384746492356,0.2833691797460318
0.1663060884070058,0.2380563262867788,0.0952609940941356,0.00554849354352083
0.2902393661384487,0.2983542940641816,0.1293133631714089,0.07232019542479454
0.1787706422018348,0.2147999347588978,0.080269659348639,0.008438257220816814
0.4252126772310258,0.3775339657330726,0.1964264115125051,0.21589447099904963
0.2204378648874062,0.2457232974093627,0.0936587654669815,0.024291092002259148
0.1264195162635529,0.187911687603376,0.0590457817476156,0.0008322389756514075
0.4095429524603836,0.3676265886352912,0.1867273162164119,0.19731397815926605
0.24109341117598,0.2533990248380223,0.0935896659684538,0.03582928207469279
0.4120358632193494,0.3253957948395382,0.1567241256847987,0.20025081207942408
0.4245004170141784,0.3540059951201478,0.1733697358532033,0.21504407737179504
0.350069224353628,0.3521417135077329,0.1766731031281017,0.13031538796165623
0.3009232693911592,0.275418228164457,0.1147646164436859,0.08173065618037545
0.4964386989157631,0.3736619451579562,0.1902400774625983,0.3026410507716363
0.4797005838198498,0.3765425687236519,0.192747723481735,0.2820572700081316
0.2688715596330275,0.2780218895379799,0.1205465188466179,0.0549974850551171
0.3005671392827356,0.2752142911807387,0.1187431738692828,0.081409481212399
0.4059816513761468,0.3556308222835164,0.1751178890928201,0.19313232073735648
0.403488740617181,0.3411734262664773,0.1706942268539163,0.19021523774377508
0.2467914929107589,0.2784034267944605,0.1198531024226925,0.03943019490618164
0.3646705587989992,0.3301973828729836,0.1574931149982391,0.14610630816651604
0.3258523769808173,0.2715426707483004,0.1149222334455173,0.10538929596582536
0.4576205170975813,0.3551667773163927,0.1783380654991211,0.2550369727919569
0.1253511259382819,0.2072702036834371,0.0750951898859341,0.0007779792172863693
0.1249949958298582,0.2386230233139832,0.0933078785440043,0.0007604956703400152
0.4910967472894078,0.3888092415103518,0.2016872013207659,0.296065624869374
0.4155971643035863,0.3550956526885153,0.1763205332348664,0.2044594739601797
0.1958648874061718,0.2212145905106224,0.0825141870092458,0.0137491236147497
0.2161643035863219,0.2290607634367505,0.0864919961776516,0.022207380950721993
0.404557130942452,0.362616578791206,0.1824812894385684,0.1914643759380139
0.4127481234361968,0.3612802687872011,0.184108889862943,0.20109132320208958
0.4732902418682235,0.3785834672475576,0.1935368021629481,0.2741931585757896
0.3076897414512093,0.3069023924051001,0.1379078723896206,0.08792712206537692
0.2378882402001668,0.2255114293256603,0.0822251637544141,0.033881894934516585
0.1392402001668056,0.2313917146433523,0.0825749221989786,0.0017240935705347552
0.2895271059216013,0.3372792758708113,0.1642288904625343,0.07170979688891868
0.1239266055045871,0.2161777835473811,0.0762619952381506,0.0007098107795853676
0.3404537114261884,0.3205922802846849,0.1492433580298875,0.12021461024318707
0.4223636363636364,0.3497622425031696,0.1750286757569321,0.21249600290203366
0.1431576313594662,0.2297353288006582,0.0888356038416543,0.002098511849296944
0.3874628857381151,0.3466530738022593,0.1695027997070206,0.17168208958349648
0.1723603002502085,0.2419996934978589,0.0935796998041252,0.0068533347668378874
0.1773461217681401,0.2387859835472495,0.0872233012305433,0.008067505367935095
0.4604695579649708,0.3795273982799174,0.1947096868435284,0.2585115104652564
0.2154520433694745,0.2358190045290147,0.0931350882893159,0.021870338388877194
0.1164478732276897,0.1941682730204285,0.0629619335436411,0.0004227399878701417
0.1449382819015846,0.2157178849178185,0.0743425449300108,0.0022865565194177904
0.3703686405337781,0.3466557124832405,0.1699049550973078,0.15240220213403272
0.1606080066722268,0.2194212603064055,0.0724121443382618,0.004482566534173195
0.4786321934945788,0.3476687320273893,0.1711076319718761,0.28074568973941894
0.2097539616346955,0.2400000645153621,0.0960717926345649,0.019279551217054963
0.3771351125938282,0.3532727322478357,0.1739999384193097,0.15996681243861466
0.1509924937447873,0.2361163162277483,0.0928169353768188,0.0030152707864054646
0.301279399499583,0.2713727127020153,0.1151856953168123,0.08205233445164715
0.0733561301084236,0.2008024785899558,0.0657824782796577,2.724172776686061e-06
0.1128865721434528,0.2000515398598712,0.0676416933268444,0.0003224155319150858
0.3215788156797331,0.2894320373712351,0.1235739793792038,0.10117764617288674
0.4116797331109257,0.3299873096421467,0.157529787805727,0.19983078999430923
0.4569082568807339,0.3624661958022311,0.1805603927652549,0.2541690042259657
0.2300533778148457,0.2411355253890508,0.0900009801014002,0.02936249355523491
0.3091142618849041,0.2911764287601509,0.1309887088615933,0.08925395378038954
0.4989316096747289,0.3770139079044217,0.1977535570858329,0.30571101147760094
0.1858932443703085,0.2493819435527097,0.0953462414424415,0.01045524515772974
0.3037723102585488,0.3043280773521523,0.1355870837598588,0.08431806533410878
0.3254962468723936,0.3309238239151352,0.1555480127891577,0.10503602380869172
0.4191584653878232,0.3693027878763352,0.192602811237965,0.20868291819565754
0.2962935779816513,0.2961174181447284,0.1324828679225934,0.07759511355647253
0.2980742285237698,0.2892950480709635,0.1239298054924498,0.0791754584038915
0.4900283569641367,0.4085084094505831,0.2241218348954254,0.2947511255466237
0.4668798999165972,0.3507510004246201,0.1734492414790527,0.2663436123039825
0.3561234361968307,0.338345484967595,0.1649552180001446,0.13680004555476327
0.3027039199332777,0.2790414891407032,0.119617102845375,0.08334405449681685
0.4334036697247706,0.3403133945097734,0.1654542477356779,0.22570901808550226
0.2710083402835696,0.2751249724221571,0.1200640669844068,0.05663414544343856
0.3155246038365304,0.3080228074659339,0.136532442272765,0.0953172180983479
0.278487072560467,0.2705257270944214,0.1125383469452347,0.06253362841801133
0.2596121768140116,0.2408107790870291,0.0921447278012745,0.048165161695808235
0.4501417848206839,0.383422569305856,0.1978025590669771,0.2459376802113361
0.2653102585487906,0.2929212023812484,0.1356121711190326,0.05231919971126415
0.3393853211009174,0.3085926377612863,0.1417571646749448,0.11910816530054168
0.4679482902418682,0.3604123820208468,0.1823360299264469,0.26765073874845624
0.2453669724770641,0.2757246454862802,0.1197642539697069,0.03851344045327382
0.1068323603002502,0.2088036028647961,0.0713780982604111,0.0001951622040667672
0.4362527105921601,0.3863046147299421,0.1996421172032264,0.22913689942753132
0.2735012510425354,0.2763890067936458,0.1166815957056414,0.05857131162202519
0.3372485404503753,0.3144554951397932,0.1448745422266601,0.11690518402345294
0.3803402835696414,0.3573529099902049,0.1828301443734966,0.1635815499632366
0.3903119266055045,0.3410371945806199,0.1613586886376316,0.17494712228006692
0.4426630525437864,0.3622777882853861,0.182441622640097,0.23687364821669926
0.1463628023352793,0.1995954406487968,0.0650839053666314,0.002445374667905936
0.212603002502085,0.2698874119431438,0.116231036329955,0.020551480566190865
0.355767306088407,0.3111460877442082,0.1414418125311435,0.1364160568124096
0.3828331943286072,0.3445159577553487,0.1751337971513694,0.16640634508627503
0.2143836530442034,0.2754238523715086,0.1153851240339746,0.021370269206219553
0.3457956630525438,0.3023243895388032,0.1359498101302484,0.12579507165825077
0.4643869891576314,0.36318231592922,0.1810032413366427,0.26329555727940024
0.4391017514595496,0.388471492840343,0.2026841563982458,0.23257149230841864
0.3016355296080066,0.3230071467453494,0.1536546314292338,0.08237451472262194
0.2909516263552961,0.3044322736472553,0.1435471022847496,0.07293276299013912
0.4148849040867389,0.3446519900326671,0.1659743834944894,0.20361653331997476
0.3311943286071726,0.3047249118611972,0.1336988727992021,0.11073722430103713
0.3162368640533778,0.2792428329798358,0.1168898971316202,0.0960000523534838
0.1079007506255212,0.2104396526752755,0.0710749956448272,0.00021411528350249925
0.3593286071726438,0.3526954083922327,0.1709550672043671,0.1402697768817982
0.2175888240200166,0.2432924312801867,0.0949776292384576,0.022890251961498582
0.2517773144286905,0.2480773324516293,0.1052638890005847,0.04272446516907786
0.4544153461217681,0.3309579965028283,0.1582964253448391,0.2511333118577994
0.4490733944954128,0.3629291480941426,0.1860888501027913,0.24464052952906318
0.4038448707256046,0.320089888987293,0.1568120668079149,0.19063144203574234
0.3504253544620517,0.3220021726126542,0.1513881930342001,0.13069425400330778
0.1442260216847372,0.2248948402346564,0.0822239123319046,0.0022099587683393858
0.1207214345287739,0.2072023668352229,0.0710781846625711,0.0005729265870853118
0.4472927439532944,0.3837676648759553,0.2010998788924046,0.24248025378062987
0.0872452043369474,0.1911926954609099,0.0650317620497816,2.3863322075174915e-05
0.4351843202668891,0.3745369247476157,0.1912040207277454,0.2278506386694642
0.1549099249374478,0.2004152778753045,0.0698843633654324,0.0035650251684430007
0.2076171809841534,0.246277141788463,0.0975152146450876,0.01835640121268418
0.1755654712260216,0.2322502810966429,0.089915677093491,0.0076190721741446485
0.2218623853211009,0.2675974188849407,0.1080295885440006,0.025009028599918846
0.2122468723936613,0.2380158795290112,0.0875471244841305,0.02038992256488681
0.2838290241868223,0.2986947344089409,0.1297782184713473,0.06690592755712983
0.4597572977481234,0.3731022281551439,0.1913418552755542,0.2576424853987691
0.3034161801501251,0.2888917753071056,0.1280637097427058,0.08399290044314027
0.2581876563803169,0.2789455816863891,0.1161769576613343,0.047152336624871394
0.0957923269391159,0.1952526203604932,0.0669478155226683,6.635646604775436e-05
0.0779858215179316,0.2219137349025507,0.0816362092647263,6.119295585563742e-06
0.4519224353628023,0.3700696323289397,0.1893124229971927,0.24810118772110704
0.2482160133444537,0.2728207017544978,0.1158179548104721,0.04035787253104042
0.2079733110925771,0.257360892388199,0.1057770581067361,0.01850842710245358
0.1395963302752293,0.2270729476411045,0.0866884349126149,0.0017559733639113978
0.3447272727272727,0.3098138559205965,0.1389140831579816,0.12467265595363176
0.1499241034195162,0.212167062047313,0.0700180297831723,0.0028762686989889014
0.3546989157631359,0.3332324030685291,0.1647314489562095,0.13526596447255557
0.4561959966638865,0.3889696427255302,0.2000670112753315,0.25330131094157454
0.3856822351959966,0.3670028832104818,0.1821491206971668,0.16964848699788843
0.1930158465387823,0.2337040666984518,0.084564456986883,0.012751050442103827
0.3290575479566305,0.2893047053935079,0.1306099913972125,0.10858717585154824
0.1780583819849874,0.2657930398268303,0.1150974784642367,0.008251540580401284
0.4348281901584653,0.3448251788696342,0.1684686820596456,0.22742209798372892
0.2350391993327772,0.2445589673104896,0.094264488311628,0.03219869626946675
0.3632460383653044,0.3347833526820538,0.1576871680632527,0.1445435064479167
0.1687989991659716,0.2412498875552658,0.0939650530764598,0.006063757623274695
0.427349457881568,0.3453461628432319,0.1712796985543955,0.21844867466512208
0.1445821517931609,0.2000849226138163,0.0669414734695083,0.002248025745159761
0.1303369474562135,0.2068891388162364,0.0672642418926398,0.0010556048319700431
0.3326188490408674,0.3052112538286469,0.1334560357031013,0.1121784884507538
0.2158081734778982,0.2495757122271351,0.1012744771012009,0.022038493452598232
0.3230033361134278,0.3008341389470742,0.1358624250377407,0.10257478720701499
0.4750708924103419,0.3985685732430915,0.217172307082709,0.27637629130489205
0.2742135112593828,0.2678545166890813,0.109259732812247,0.059130218390341716
0.4366088407005838,0.3754674658317103,0.1894898111885734,0.22956586363641482
0.4380333611342785,0.3745404457222033,0.1940499510410426,0.23128275549049682
0.4661676396997498,0.3664535502466052,0.1891401608620401,0.26547246278161996
0.1460066722268557,0.2215702051185211,0.0821127719218953,0.0024049601921866974
0.0851084236864053,0.1826954918059573,0.0566623900552652,1.7895914408821507e-05
0.3490008340283569,0.3310289446553148,0.1589364509293367,0.12918077457888444
0.2539140950792327,0.2330688838860721,0.0934628873733833,0.04417661451580818
0.494301918265221,0.3778632712675606,0.1974593556680525,0.3000103358719938
0.1054078398665554,0.2186726924892718,0.0763371720611941,0.00017197176793106033
0.3924487072560467,0.3369820160782276,0.160725195104098,0.17740474357177852
0.2738573811509591,0.2800057287830457,0.1195897314398906,0.05885046491602475
0.3493569641367806,0.34118145442625,0.1582355395749636,0.12955864708035414
0.1588273561301084,0.1981336734939496,0.0657072429223188,0.004180332643379121
0.0776296914095079,0.2042854546701532,0.0703180993942389,5.76970851025944e-06
0.1851809841534612,0.2519295750921642,0.0966287748750644,0.010241139720930487
0.2866780650542118,0.3116579016664992,0.1432948171668557,0.06929009901475901
0.2108223519599666,0.2653592474105318,0.1079601588317735,0.019751024356884084
0.1321175979983319,0.2202634613218761,0.0824967047435641,0.0011706053782993408
0.3721492910758965,0.3545069622895182,0.1751296322146522,0.15438386044615504
0.0801226021684737,0.1812630739047175,0.0628271825877945,8.61425142685908e-06
0.3030600500417014,0.3256632164497482,0.1601877851003961,0.08366822972946718
0.4839741451209341,0.393869491123327,0.2125862165189813,0.28730676699661484
0.3689441201000834,0.3386678313432794,0.1622587693932797,0.15082166408118647
0.2731451209341117,0.3077931320029791,0.1445173802400881,0.05829275972428545
0.4896722268557131,0.4184957866940243,0.2283667911775238,0.2943130074151821
0.3173052543786488,0.3035388019316489,0.1385807390371815,0.09702765625846378
0.4138165137614679,0.328534719597319,0.1506971516414605,0.2023532449789761
0.1403085904920767,0.2057933052994381,0.0691284383938949,0.0018210041165926455
0.4202268557130942,0.3324098342772452,0.1563435128547878,0.20995271525257186
0.3219349457881568,0.3107543813745669,0.1404299898827139,0.10152629234747239
0.2546263552960801,0.244523582853889,0.0967024809823969,0.044665982305354304
0.4583327773144287,0.4015008400519904,0.211949951419672,0.2559052121459608
0.2418056713928273,0.2520446222466574,0.1053883623405696,0.03626971592923417
0.3778473728106755,0.3031929437164632,0.1425779427443139,0.16076838781825178
0.3390291909924937,0.3089681326068713,0.1398233252871948,0.11874008023490396
0.1627447873227689,0.2328561170440865,0.0964308258715222,0.004864409711262695
0.0804787322768974,0.1851186403239058,0.0605344916290461,9.103397203782382e-06
0.236463719766472,0.2731091206452457,0.1191584723367099,0.0330346451520785
0.1712919099249374,0.2353446032118961,0.0872726134435269,0.00660976491656147
0.4131042535446205,0.3096227769112628,0.1419344518406755,0.20151181059910656
0.2101100917431192,0.2305326563022943,0.0862711483797783,0.019435975589656547
0.3596847372810675,0.3171306634016969,0.1488039318945966,0.14065681883558148
0.1951526271893244,0.252899784120266,0.104537381954147,0.013495293783312554
0.3468640533778148,0.3151999445249023,0.1442340685262238,0.12692058463598155
0.1192969140950792,0.2071220308859087,0.0731668962519382,0.0005189690244079948
0.3831893244370308,0.3385666659658286,0.1632673891130747,0.16681081681404325
0.4729341117597998,0.40515489836189,0.2171018016672849,0.27375666484688055
0.1039833194328607,0.2164863345436285,0.080514334805394,0.0001510126522678391
0.1905229357798165,0.2321120552962129,0.0807752709357037,0.011915302763022289
0.2389566305254378,0.2741541918433154,0.1167088049325701,0.03452472060505053
0.116091743119266,0.202935622676905,0.0624056189938251,0.00041174888586745586
0.4447998331943286,0.3236882109694793,0.1509988625815194,0.2394594449949218
0.4629624687239366,0.3885251679341797,0.2043784169988517,0.26155506314225174
0.4754270225187656,0.3778248592498702,0.1946127909630928,0.27681304735909384
0.3792718932443703,0.3182248822599247,0.1495481607132084,0.16237446442311532
0.4740025020850709,0.4073511145751641,0.2156267503084002,0.27506628027386487
